id,word,pronounciation,english_meaning,vietnamese_meaning,synonyms,example
1,adolescent,/ˌædəˈlesnt/,teenager,người thiếu niên,,adolescents between the ages of 13 and 18 and the problems they face Stop acting like an adolescent!
2,characteristic,&nbsp;/ˌkærəktəˈrɪstɪk/&nbsp;,a typical feature or quality that something/somebody has,"đặc tính, đặc điểm",,"The two groups of children have quite different characteristics. Personal characteristics, such as age and sex are taken into account."
3,trait,/treɪt/&nbsp;,a particular quality in your personality,"nét, đặc điểm",,personality traits (nét tính cách) Awareness of class is a typically British trait. She shares several character traits with her father.
4,apprehensive,/ˌæprɪˈhensɪv/,worried or frightened that something unpleasant may happen,"sợ hãi, e sợ",,an apprehensive face/glance/look She was deeply apprehensive that something might go wrong. You have no reason to be apprehensive of the future.
5,assertive,/əˈsɜːrtɪv/,"expressing opinions or desires strongly and with confidence, so that people take notice","khẳng định, quả quyết, quyết đoán",,You should try and be more assertive. assertive behaviour
6,clumsy,/ˈklʌmzi/,(of people and animals) moving or doing things in a very awkward way,"vụng, vụng về, lóng ngóng",,I spilt your coffee. Sorry—that was clumsy of me. His clumsy fingers couldn't untie the knot.
7,cynical,/ˈsɪnɪkl/,not believing that something good will happen,hay hoài nghi,,Do you have to be so cynical about everything? a cynical view/smile I'm a bit cynical about the benefits of the plan.
8,desirable,&nbsp;/dɪˈzaɪərəbl/&nbsp;,that you would like to have or do; worth having or doing,"đáng thèm muốn; đáng ao ước, đáng khát khao",,She chatted for a few minutes about the qualities she considered desirable in a secretary. The house has many desirable features.
9,eccentric,/ɪkˈsentrɪk/&nbsp;,a person who is considered by other people to be strange or unusual,"lập dị, kỳ cục",,Most people considered him a harmless eccentric. Aunt Matilda was something of an eccentric.
10,egotistical,ˌēɡəˈtistək(ə)l/,thinking that you are better or more important than anyone else,"tự cao tự đại, cho mình là trên hết",,"“The man is an egotistical maniac, but I hope he can bring the success he had in business to this country.” “My personality doesn’t suit pursuing a career in music, for that you have to be very egotistical,” Quinn told local newspaper The Liverpool Echo."
11,gullible,/ˈɡʌləbl/,too willing to believe or accept what other people tell you and therefore easily tricked,"khờ dại, cả tin, dễ bị lừa",,The advertisement is aimed at gullible young women worried about their weight.
12,idealized,&nbsp;/aɪˈdiːəlaɪz/,to consider or represent somebody/something as being perfect or better than they really are,"lý tưởng hóa, không thực tế",,an idealized view of married life
13,inconsiderate,/ˌɪnkənˈsɪdərət/,not giving enough thought to other people’s feelings or needs,"thiếu ý thức, thiếu chu đáo, thiếu quan tâm, thiếu suy xét",,inconsiderate behaviour It was inconsiderate of you not to call.
14,indecisive,&nbsp;/ˌɪndɪˈsaɪsɪv/,(of a person) unable to make decisions,"do dự, lưỡng lự, không quả quyết, không dứt khoát, không quyết định",,a weak and indecisive man Some blame indecisive leadership for the party’s failure at the polls.
15,self-assured,/ˌself.əˈʃʊrd/,having a lot of confidence in yourself and your abilities,tự tin,,He grew more self-assured as he got older. She looks very self-assured.
16,self-absorbed,/ˌself.əbˈzɔːbd/,only concerned about or interested in yourself,"chỉ liên quan đến mình, chỉ quan tâm đến mình",,What a typical self-absorbed actor!
17,self-centered,/ˌselfˈsen.təd/&nbsp;,tending to think only about yourself and not thinking about the needs or feelings of other people,"ích kỷ, chỉ biết nghĩ cho bản thân",,She’s completely self-centred. Your father’s too self-centred to care what you do.
18,self-congratulatory,/ˌself.kənˈɡrætʃələtɔːri/,praising yourself or saying how well you have done something,tự mình khen mình,,The winners gave themselves a self-congratulatory round of applause.
19,self-deprecating,/ˌselfˈdep.rə.keɪ.t̬ɪŋ/,"done in a way that makes your own achievements or abilities seem unimportant (tự ti, tự hạ thấp mình)",&nbsp;,,He gave a self-deprecating shrug.
20,self-important,/ˌself.ɪmˈpɔːr.təns/,thinking that you are more important than other people,lên mặt ta đây; tự cho là quan trọng,,He was a self-important little man. She was not at all the self-important celebrity I’d read about.
21,tactful,/ˈtæktfl/,careful not to say or do anything that will annoy or upset other people,"khéo xử, lịch thiệp",,That wasn't a very tactful thing to say! I tried to find a tactful way of telling her the truth. It might be more tactful if you didn’t come to the wedding.
22,well-adjusted,/ˌwel əˈdʒʌs.tɪd/,reasonable and has good judgment and their behaviour is not difficult or strange,"bình thường/ổn định về mặt tâm lý, không có chứng rối loạn tâm lý bất thường nào",,The school aims to produce well-adjusted members of society.
23,well-bred,/ˌwel ˈbred/,having or showing good manners; typical of a high social class,"có giáo dục, được nuôi dạy tử tế, biết phép tắc cư xử",,a well-bred young lady She was too well bred to show her disappointment.
24,well-brought-up,/ˌwel brɑːt ˈʌp/,"People, especially children, who are well-br_____ht-up are polite and act in a quiet and pleasant way, because they have been taught this behaviour at home","được nuôi dạy, giáo dục tử tế, con nhà gia giáo",,"Despite the family's problems, the children were well brought up. He was a very well-brought-up young man."
25,well-dressed,/ˌwel ˈdrest/,wearing fashionable or expensive clothes,"ăn mặc hợp thời trang, ăn mặc sang trọng",,This is what today's well-dressed man is wearing. She was always well dressed.
26,era,/ˈerə/,"a period of time, usually in history, that is different from other periods because of particular characteristics or events","thời đại, kỷ nguyên",,"the Victorian/modern/post-war era When she left the firm, it was the end of an era (= things were different after that). a new era of peace"
27,evolution,/ˌevəˈluːʃn/,"(biology) the gradual development of plants, animals, etc. over many years as they adapt to changes in their environment","sự tiến hoá, sự phát triển",,the evolution of the human species Darwin’s theory of evolution
28,find,/faɪnd/,a good or valuable thing or a special person that has been discovered but was not known about before,<i>(vật tìm thấy)</i>,,This café's quite a find - I had no idea there was anywhere like it around here. A recent find of ancient artefacts is on display at the local museum.
29,pioneer,/ˌpaɪəˈnɪr/,"a person who is one of the first people to do something (người đi tiên phong, người đi đầu)",&nbsp;,,a pioneer in the field of microsurgery one of the pioneers of modern science
30,remnant,/ˈremnənt/,"a part of something that is left after the other parts have been used, removed, destroyed, etc. (cái còn lại, vật còn thừa, dấu vết còn lại, tàn dư)",&nbsp;,,The woods are remnants of a huge forest which once covered the whole area. Many of the traditions are remnants of a time when most people worked on the land.
31,in retrospect,/ˈretrəspekt/,"thinking about a past event or situation, often with a different opinion of it from the one you had at the time","nhìn lại thời gian đã qua, hồi tưởng lại về quá khứ",,"In retrospect, I think that I was wrong. The decision seems extremely odd, in retrospect."
32,status quo,/ˌsteɪtəs ˈkwoʊ/,"the situation as it is now, or as it was before a recent change (tình hình hiện tại, tình hình như trước khi diễn ra thay đổi)",&nbsp;,,They wanted a return to the status quo before the war. There are many people who wish to maintain the status quo.
33,transition,/trænˈzɪʃn/,the process or a period of changing from one state or condition to another,"sự chuyển tiếp, sự quá độ",,the transition from school to full-time work He will remain head of state during the period of transition to democracy. We need to ensure a smooth transition between the old system and the new one.
34,trend,&nbsp;/trend/&nbsp;,a general direction in which a situation is changing or developing,"khuynh hướng, xu hướng, chiều hướng",,There is a growing trend towards earlier retirement. current trends in language teaching a downward/an upward trend in sales
35,abrupt,/əˈbrʌpt/,"sudden and unexpected, often in an unpleasant way","bất ngờ, đột ngột; đường đột",,an abrupt change/halt/departure The accident brought his career to an abrupt end.
36,bygone,/ˈbaɪɡɔːn/,happening or existing a long time ago,"quá khứ, qua rồi, cũ kỹ",,"a bygone age/era The family story was that, in bygone days, he had been a rich farmer in Australia. The horse and cart belongs to a bygone era."
37,fleeting,&nbsp;/ˈfliːtɪŋ/,lasting only a short time,"lướt nhanh, thoáng qua; phù du",,a fleeting glimpse/smile a fleeting moment of happiness We paid a fleeting visit to Paris.
38,immense,&nbsp;/ɪˈmens/,extremely large or great,"mênh mông, bao la, rộng lớn",,"There is still an immense amount of work to be done. The benefits are immense. a project of immense importance To my immense relief, he didn’t notice my mistake."
39,infinitesimal,&nbsp;/ˌɪnfɪnɪˈtesɪml/,extremely small,"rất nhỏ, nhỏ vô cùng",,infinitesimal traces of poison an infinitesimal risk
40,moderate,/ˈmɑːdərət/,"that is neither very good, large, hot, etc. nor very bad, small, cold, etc.","vừa phải; phải chăng, có mức độ; điều độ",,students of moderate ability Even moderate amounts of the drug can be fatal. The team enjoyed only moderate success last season. Cook over a moderate heat.
41,periodic,/ˌpɪriˈɑːdɪk/,happening fairly often and regularly,"định kỳ, thường kỳ",,Periodic checks are carried out on the equipment. He makes periodic visits to all the shops which stock his products.
42,preceding,,,,,
43,prehistoric,&nbsp;/ˌpriːhɪˈstɔːrɪk/,connected with the time in history before information was written down,thuộc về thời tiền sử,,in prehistoric times prehistoric man/remains/animals/burial sites
44,profound,&nbsp;/prəˈfaʊnd/,very great; felt or experienced very strongly,"sâu,&nbsp;sâu sắc, uyên thâm, thâm thuý",,profound changes in the earth’s climate My father's death had a profound effect on us all. The news came as a profound shock. The report has profound implications for schools. Her sense of disappointment was profound.
45,rapid,&nbsp;/ˈræpɪd/,"happening in a short period of time, done or happening very quickly (nhanh, nhanh chóng, mau lẹ)",&nbsp;,,rapid change/expansion/growth a rapid rise/decline in sales The patient made a rapid recovery.
46,topical,&nbsp;/ˈtɑːpɪkl/,connected with something that is happening or of interest at the present time,có tính chất thời sự,,a topical joke/reference topical events They met to discuss matters of topical interest. We try and keep the advice topical.
47,tremendous,/trəˈmendəs/,"very great (vĩ đại, hê gớm, khủng khiếp, dữ dội)",&nbsp;,,a tremendous explosion A tremendous amount of work has gone into the project
48,turbulent,/ˈtɜːrbjələnt/,"in which there is a lot of sudden change, confusion, disagreement and sometimes violence","hỗn loạn, náo động",,a short and turbulent career in politics a turbulent part of the world turbulent emotions
49,(be) pressed for time,,to be in a hurry,"đang vội, đang thiếu thời gian",,"I'd love to stop and talk, but I'm pressed for time."
50,have the time of your life,,have an extremely enjoyable experience,vô cùng tận hưởng một trải nghiệm gì đó,,We had the time of our lives at the party.
51,have time on your hands,,"to have nothing to do (có thời gian rảnh, không bận bịu gì)",&nbsp;,,"Gina has some time on her hands, so she is taking a college course."
52,in next to no time,,in a very short time,ngay sắp tới đây,,Organizing the party took next to no time. They completed the job in next to no time.
53,in the blink of an eye,,extremely quickly,xảy ra trong chớp mắt,,"There was a huge ""boom"" and in the blink of an eye the buildings were gone."
54,there aren't enough hours in the day,,There are too many things to do and not enough time,có quá nhiều việc để làm mà không có đủ thời gian,,
55,excavate,/ˈekskəveɪt/,"to dig in the ground to look for old buildings or objects that have been buried for a long time (đào, khai quật)",&nbsp;,,The site has been excavated by archaeologists. The area has not yet been fully excavated.
56,behaviour,/bɪˈheɪvjər/,"the way that somebody behaves, especially towards other people","thái độ, cách đối xử; cách cư xử, cách ăn ở; tư cách đạo đức",,good/bad behaviour social/sexual/criminal behaviour His behaviour towards her was becoming more and more aggressive.
57,demographics,&nbsp;/ˌdeməˈɡræfɪk/,data relating to the population and different groups within it,"liên quan đến nhân khẩu học, đến thống kê dân số",,the demographics of radio listeners
58,heritage,/ˈherɪtɪdʒ/,"the history, traditions and qualities that a country or society has had for many years and that are considered an important part of its character (di sản)",&nbsp;,,Spain’s rich cultural heritage The building is part of our national heritage.
59,interaction,/ˌɪntərˈækʃn/,"the act of communicating with somebody, especially while you work, play or spend time with them","tương tác, sự ảnh hưởng lẫn nhau",,There's not enough interaction between the management and the workers. Language games are usually intended to encourage student interaction. The play follows the interactions of three very different characters.
60,minority,&nbsp;/maɪˈnɔːrəti/,the smaller part of a group; less than half of the people or things in a large group,phần ít; thiểu số,,"Only a small minority of students is/are interested in politics these days. For a minority, the decision was a disappointment. minority shareholders in the bank"
61,norm,/nɔːrm/,"standards of behaviour that are typical of or accepted within a particular group or society (quy tắc, tiêu chuẩn, thông lệ)",&nbsp;,,a departure from the norm Older parents seem to be the norm rather than the exception nowadays.
62,peer,&nbsp;/pɪr/,"a person who is the same age or who has the same social status as you (bạn cùng trang lứa, người cùng địa vị xã hội, người ngang hàng)",&nbsp;,,She enjoys the respect of her peers. A peer review system is being introduced to help teachers who are experiencing difficulty. Children are worried about failing in front of their peers.
63,pressure,/ˈpreʃər/,difficulties and feelings of anxiety that are caused by the need to achieve or to behave in a particular way áp lực),,,She was unable to attend because of the pressure of work. You need to be able to handle pressure in this job.
64,segment,/ˈseɡmənt/,"a part of something that is separate from the other parts or can be considered separately (đoạn, khúc, đốt, miếng, phần, phân khúc)",&nbsp;,,She cleaned a small segment of the painting. Lines divided the area into segments. The changes will affect only a small segment of the population. They divided the bone into equal segments.
65,standard,/ˈstændərd/,"a level of quality, especially one that people think is acceptable",tiêu chuẩn,,a fall in academic standards We aim to maintain high standards of customer care. The standard of this year's applications is very low.
66,status,/ˈsteɪtəs/&nbsp;,the situation at a particular time during a process,"tình trạng, trạng thái",,What is the current status of our application for funds? She updated her Facebook status to ‘in a relationship’.
67,anti-social,/ˌæntiˈsoʊʃl/,harmful to society often avoiding spending time with other people hay xa lánh người khác,có hại cho xã hội,,"Increasingly, smoking is regarded as an antisocial habit. They'll think you're being antisocial if you don't go"
68,conservative,&nbsp;/kənˈsɜːrvətɪv/,opposed to great or sudden social change; showing that you prefer traditional styles and values,"bảo thủ, thủ cựu",,a conservative society/outlook Older people tend to be more conservative and a bit suspicious of anything new.
69,conventional,/kənˈvenʃənl/,ending to follow what is done or considered acceptable by society in general,"theo tập quán, theo tục lệ, theo tiêu chuẩn thông thường",,conventional behaviour/morality She's very conventional in her views.
70,harmonious,/hɑːrˈmoʊniəs/,"arranged together in a pleasing way so that each part goes well with the others (of relationships, etc.) friendly, peaceful and without any disagreement (hòa thuận, hòa hợp)","hài hòa, cân đối",,a harmonious combination of colours a harmonious alliance between management and workers
71,influential,&nbsp;/ˌɪnfluˈenʃl/,having a lot of influence on somebody/something,"có tầm ảnh hưởng lớn, có uy thế, có tiếng nói",,She is one of the most influential figures in local politics. The committee was influential in formulating government policy on employment.
72,multicultural,/ˌmʌltiˈkʌltʃərəl/&nbsp;,"for or including people of several different races, religions, languages and traditions",thuộc nhiều lãnh vực văn hoá khác nhau,,We live in a multicultural society. a multicultural approach to education
73,suburban,/səˈbɜːrbən/,in or connected with a suburb,liên quan đến vùng ngoại ô,,suburban areas a suburban street life in suburban London
74,unconventional,&nbsp;/ˌʌnkənˈvenʃənl/,not following what is done or considered normal or acceptable by most people; different and interesting,"không theo quy ước, trái với thói thường, độc đáo",,an unconventional approach to the problem unconventional views The magazine describes him as having unconventional good looks.
75,follow accepted behaviour,,,tuân theo hành vi được cho phép,,
76,conform,/kənˈfɔːrm/,to behave and think in the same way as most other people in a group or society,"làm theo, tuân theo, y theo, chiếu theo",,"He refused to conform to the local customs. At our school, you were required to conform, and there was no place for originality."
77,exclude,/ɪkˈskluːd/&nbsp;,to deliberately not include something in what you are doing or considering,"loại trừ, ngăn chặn, không bao gồm cái gì đó",,"Tom has been excluded from school (= he is not allowed to go to school) for bad behaviour. Try excluding fat from your diet. Buses run every hour, Sundays excluded."
78,flaunt,/flɔːnt/&nbsp;,"to show something you are proud of to other people, in order to impress them","khoe khoang, phô trương, chưng diện",,He did not believe in flaunting his wealth. She openly flaunted her affair with the senator. He's got a lot of money but he doesn't flaunt it.
79,obey,/əˈbeɪ/,to do what you are told or expected to do,"vâng lời, nghe lời, tuân theo, tuân lệnh",,to obey a command/an order/rules/the law He had always obeyed his parents without question.
80,skew,/skjuː/,"to change or influence something with the result that it is not accurate, fair, normal, etc.","gây ảnh hưởng, bóp méo, xuyên tạc",,to skew the statistics These last-minute changes have skewed the company's results.
81,capsule,/ˈkæpsl/,a small container with medicine inside that you swallow,viên thuốc con nhộng,,The medicine can be taken in tablet or capsule form. Take two 30ml capsules a day.
82,carbon dioxide,/ˌkɑːrbən daɪˈɑːksaɪd/,a gas breathed out by people and animals from the lungs or produced by burning carbon,"khí cacbonic, khí CO2",,Plants absorb carbon dioxide during photosynthesis. The increased use of natural gas will help reduce carbon dioxide emissions. There has been a sudden and worrying rise in the level of carbon dioxide in the atmosphere.
83,compound,/ˈkɑːmpaʊnd/&nbsp;,a substance formed by a chemical reaction of two or more elements in fixed amounts relative to each other,hợp chất,,Common salt is a compound of sodium and chlorine. Many fertilizers contain nitrogen compounds.
84,consequence,/ˈkɑːnsəkwens/,"a result of something that has happened (hậu quả, hệ quả, kết quả)",&nbsp;,,"This decision could have serious consequences for the industry. I told the hairdresser to do what she wanted to my hair, and look at the consequences!"
85,dose,&nbsp;/doʊs/,"an amount of a medicine or a drug that is taken once, or regularly over a period of time","liều lượng, liều thuốc",,a high/low dose a dose of penicillin Take a single dose at bedtime to help you sleep. I always take my daily dose of vitamin C.
86,emission,/iˈmɪʃn/,"gas, etc. that is sent out into the air",khí thải,,The government has pledged to clean up industrial emissions. We must take action to cut vehicle emissions.
87,exposure,&nbsp;/ɪkˈspoʊʒər/,the fact of experiencing something or being affected by it because of being in a particular situation or place,sự tiếp xúc trực tiếp với cái gì đấy,,"According to received wisdom, exposure to low level radioactivity is harmless. She gradually became deaf after lengthy exposure to noise in the workplace."
88,food chain,/ˈfuːd ˌtʃeɪn/,a series of living things that are connected because each group of things eats the group below it in the chain,chuỗi thức ăn,,"Insects are fairly low down (on) the food chain. Pesticides work their way up the food chain from plants, through insects and birds to humans."
89,infection,/ɪnˈfekʃn/,the act or process of causing or getting a disease,"sự lây nhiễm, sự nhiễm trùng",,to be exposed to infection to increase the risk of infection
90,pesticide,/ˈpestɪsaɪd/,"a chemical used for killing pests, especially insects",thuốc trừ sâu bọ hại nông sản,,vegetables grown without the use of pesticides crops sprayed with pesticide
91,protein,/ˈproʊtiːn/,"one of the many substances found in food such as meat, cheese, fish, or eggs, that is necessary for the body to grow and be strong",,,Meat and fish are a vital source of protein.
92,reaction,/riˈækʃn/,,"phản ứng (về thái độ, hoặc về hóa học",,I love to watch people's reactions when I say who I am. The proposal has received a generally favourable reaction. Some people have an allergic reaction to shellfish.
93,side effect,/ˈsaɪd ɪˌfekt/,"tác dụng phụ, tác dụng không mong muốn",,,The drug has few side effects. Opponents of the policy fear that it could have unfortunate side effects on the economy.
94,bacterial,/bækˈtɪriəl/,"caused by or connected with bacteria (liên quan đến vi khuẩn, vi trùng)",&nbsp;,,a bacterial infection bacterial contamination/growth
95,contagious,/kənˈteɪdʒəs/,a co_______us disease spreads by people touching each other (có khả năng lây lan),&nbsp;,,"Scarlet fever is highly contagious. The infection is highly contagious, so don't let anyone else use your towel."
96,contaminated,/kənˈtæm.ə.neɪ.t̬ɪd/,to be dirty or poisonous,"bị bẩn, bị ô uế",,The infection was probably caused by swimming in contaminated water/water contaminated with sewage.
97,controversial,/ˌkɑːntrəˈvɜːrʃl/&nbsp;,causing a lot of angry public discussion and disagreement,gây tranh cãi,,a highly controversial topic They hold widely divergent opinions on controversial issues like abortion.
98,crucial,&nbsp;/ˈkruːʃl/&nbsp;,"extremely important, because it will affect other things","có tính chất quyết định, cốt yếu",,Winning this contract is crucial to the success of the company. topics of crucial importance
99,essential,&nbsp;/ɪˈsenʃl/,completely necessary; extremely important in a particular situation or for a particular activity,"cần thiết, thiết yếu, cốt yếu, chủ yếu",,"Water is essential for/to living things. essential services such as gas, water and electricity"
100,natural,/ˈnætʃrəl/,,"tự nhiên, tất nhiên",,"natural disasters the natural world (= of trees, rivers, animals and birds) She was the natural choice for the job."
101,organic,/ɔːrˈɡænɪk/,produced by or from living things,"hữu cơ, tự nhiên, không phải do con người tổng hợp",,Improve the soil by adding organic matter. organic compounds
102,petrochemical,/ˌpetroʊˈkemɪkl/,any chemical substance obtained from petroleum oil or natural gas,"chất hoá dầu, sản phẩm hoá dầu",,the petrochemical industry
103,absorb,/əbˈzɔːrb/,"to take in a liquid, gas or other substance from the surface or space around (hấp thụ)",&nbsp;,,Plants absorb carbon dioxide from the air. Let the rice cook until it has absorbed all the water.
104,contaminate,&nbsp;/kənˈtæmɪneɪt/&nbsp;,to make a substance or place dirty or no longer pure by adding a substance that is dangerous or carries disease,"làm bẩn, làm ô uế",,The drinking water has become contaminated with lead. a river contaminated by pollution
105,release,&nbsp;/rɪˈliːs/,,giải phóng,,He was released from prison after serving two years of a five-year sentence.
106,apprenticeship,&nbsp;/əˈprentɪʃɪp/,a period of time working as an apprentice; a job as an apprentice,"sự học việc, sư học nghề; thời gian học việc, thời gian học nghề",,She was in the second year of her apprenticeship as a carpenter. He had served his apprenticeship as a plumber. Apprenticeships were becoming more difficult to find.
107,conceptualize,/kənˈseptʃuəlaɪz/&nbsp;,to form an idea of something in your mind,hình dung về một cái gì đấy,,These people do not conceptualize hunting as a violent act. Try to conceptualize thought processes as a series of circles.
108,consistency,/kənˈsɪstənsi/,"the quality of always behaving in the same way or of having the same opinions, standard, etc.","sự&nbsp;kiên định, tính trước sau như một; tính nhất quán",,She has played with great consistency all season. We need to ensure the consistency of service to our customers.
109,establishment,&nbsp;/ɪˈstæblɪʃmənt/,the act of starting or creating something that is meant to last for a long time,"sự thành lập, sự thiết lập, sự kiến lập",,The speaker announced the establishment of a new college. the establishment of diplomatic relations between the countries
110,formulation,/ˌfɔːrmjuˈleɪʃn/,the activity of creating or preparing something,"sự tạo thành, sự hình thành",,the formulation of new policies new formulations of existing drugs
111,hypothesis,&nbsp;/haɪˈpɑːθəsɪs/&nbsp;,,giả thuyết,,to formulate/confirm a hypothesis a hypothesis about the function of dreams There is little evidence to support these hypotheses.
112,inconsistency,/ˌɪnkənˈsɪstənsi/,a situation in which two things do not match and are opposed,"sự mâu thuẫn, sự trái nhau; sự không trước sau như một",,There is some inconsistency between the witnesses' evidence and their earlier statements. I noticed a few minor inconsistencies in her argument.
113,insignificance,/ˌɪnsɪɡˈnɪfɪkəns/,the fact of not being big or valuable enough to be considered important,"sự không quan trọng, sự tầm thường",,The traumas of my own upbringing pale/fade into insignificance (= seem very unimportant) when I hear stories about the way Peter's parents treated him.
114,technician,/tekˈnɪʃn/,"a worker trained with special skills, especially in science or engineering",người có chuyên môn về kỹ thuật,,laboratory technicians a computer support technician a need to train technicians in computer aided engineering
115,theorist,&nbsp;/ˈθiːərɪst/,someone who develops ideas about the explanation for events,nhà lý luận,,"a political theorist Listening to these theorists, you might conclude that the entire world is poised to adopt market economies and democratic government."
116,vocation,/voʊˈkeɪʃn/&nbsp;,a type of work or way of life that you believe is especially suitable for you,thiên hướng nghề nghiệp,,She believes that she has found her true vocation in life. You missed your vocation—you should have been an actor.
117,analytical,/ˌænəˈlɪtɪkl/&nbsp;,"using a logical method of thinking about something in order to understand it, especially by looking at all the parts separately",dùng phép phân tích,,She has a clear analytical mind. an analytic approach to the problem
118,blue-collar,/ˌbluːˈkɑː.lɚ/,connected with people who do physical work in industry,"công nhân cổ xanh, ý chỉ những người làm công việc lao động chân tay",,Blue-collar workers do work needing strength or physical skill rather than office work.
119,conceptual,/kənˈseptʃuəl/,related to or based on ideas,"thuộc quan niệm, thuộc nhận thức",,a conceptual framework within which children’s needs are assessed a conceptual model
120,hypothetical,/ˌhaɪpəˈθetɪkl/,imagined or suggested but not necessarily real or true,"trên giả thuyết, có thể không có thật",,"This is all very hypothetical but supposing Jackie got the job, how would that affect you? I wasn't asking about anybody in particular—it was a purely hypothetical question."
121,indicative,/ɪnˈdɪkətɪv/,(of something) (formal) showing or suggesting something,"tỏ ra, ra ý, ngụ ý, biểu lộ, biểu thị",,Their failure to act is indicative of their lack of interest. The rise in unemployment is seen as indicative of a new economic recession.
122,a process of trial and error,,,,,a process of tr__l and er___r
123,give yourself something to aim for,,,tự đặt cho mình một mục tiêu để phấn đấu,,
124,make a concerted effort,/kənˈsɜːrtɪd/,"done in a planned and determined way, especially by more than one person, government, country, etc.","có dự tính, có bàn tính, có phối hợp",,
125,billboard,&nbsp;/ˈbɪlbɔːrd/&nbsp;,"a large board on the outside of a building or at the side of the road, used for putting advertisements on","bảng quảng cáo, panô quảng cáo",,"The company advertises on TV, the Internet, and billboards, so you sell more."
126,branding,/ˈbrændɪŋ/,the activity of giving a particular name and image to goods and services so that people will be attracted to them and want to buy them,hoạt động tạo thương hiệu cho một sản phẩm,,The successful branding and marketing of the new beer has already boosted sales and increased profits. This marketing campaign is the most remarkable branding exercise of all time.
127,distributor,&nbsp;/dɪˈstrɪbjətər/,"a person or company that supplies goods to shops/stores, etc.",nhà phân phối sản phẩm,,Japan’s largest software distributor
128,flyer,&nbsp;/ˈflaɪər/,a small sheet of paper that advertises a product or an event and is given to a large number of people,"tờ rơi, tờ bướm quảng cáo",,to hand out flyers for a new club
129,gimmick,&nbsp;/ˈɡɪmɪk/,an unusual trick or unnecessary device that is intended to attract attention or to persuade people to buy something,"chiêu trò, mánh lới tiếp thị",,a promotional/publicity/sales gimmick We don’t use gimmicks to sell our products. The promise of lower taxation may have been just an election gimmick to gain votes.
130,jingle,/ˈdʒɪŋɡl/,a short song or tune that is easy to remember and is used in advertising on radio or television,"bài nhạc vui nhộn, dễ nhớ dùng trong quảng cáo",,Chúng tôi là những con bò vui nhộn. Chúng tôi là những con bò hạnh phúc (Đã có sữa tươi Vinamikl nguyên chất một trăm phần trăm) [sound:Những con bò vui nhộn Vinamilk Lyric Loi bai hat _ hXmVUEOr-L.mp3]
131,manufacturer,/ˌmænjuˈfæktʃərər/,a person or company that produces goods in large quantities,"nhà sản xuất, đơn vị sản xuất",,a car/computer manufacturer Always follow the manufacturer's instructions. Faulty goods should be returned to the manufacturers.
132,marketing,/ˈmɑːrkɪtɪŋ/,"the activity of presenting, advertising and selling a company’s products or services in the best possible way",sự tiếp thị,,a marketing campaign She works in sales and marketing. Persuasion is one of the most valuable skills in marketing.
133,online retailer,,,nhà bán lẻ qua mạng,,
134,ploy,/plɔɪ/,words or actions that are carefully planned to get an advantage over somebody else,"mánh khóe, thủ đoạn",,It was all a ploy to distract attention from his real aims.
135,rebate,/ˈriːbeɪt/,"an amount of money that is returned to you, especially by the government, for example when you have paid too much tax","tiền bồi hoàn, tiền trả (sau thuế)",,She’s claiming a 100% tax rebate. The maximum cash rebate available is about $4 800. rebates on the new council tax You may be entitled to a rebate on your car insurance.
136,vendor,&nbsp;/ˈvendər/<!--EndFragment-->,a person who sells things,"người bán hàng, thường là trên đường phố",,street vendors software vendors
137,catchy,&nbsp;/ˈkætʃi/,(of music or the words of an advertisement) pleasing and easily remembered,"dễ nhớ, dễ thuộc (bài hát... )",,a catchy tune/slogan a song with catchy lyrics a catchy name/slogan
138,compelling,/kəmˈpelɪŋ/,so strong that you must do something about it,"hấp dẫn, thuyết phục",,compelling evidence It's a fairly compelling argument for going.
139,distracting,&nbsp;/dɪˈstræktɪŋ/,taking your attention away from what you are trying to do,làm mất tập trung,,distracting thoughts a distracting noise
140,disturbing,&nbsp;/dɪˈstɜːrbɪŋ/,making you feel anxious and upset or shocked,"tạo cảm giác lo lắng, sợ hãi, hoặc sốc",,a disturbing piece of news a profoundly disturbing experience
141,infuriating,&nbsp;/ɪnˈfjʊrieɪtɪŋ/,making you extremely angry,"làm điên tiết, chọc điên tiết",,"It's infuriating when people keep spelling your name wrong, isn't it? It is infuriating to talk to someone who just looks out of the window."
142,invasive,&nbsp;/ɪnˈveɪsɪv/,moving into all areas of something and difficult to stop,"có tính xâm lược, xâm chiếm, xâm lấn",,an invasive disease They treated the cancer with non-invasive methods/surgery (= not cutting into the body).
143,irritating,/ˈɪrɪteɪtɪŋ/,"annoying, especially because of something somebody continuously does or something that continuously happens","làm phát cáu, chọc tức",,I found her extremely irritating. an irritating habit
144,monetary,/ˈmʌnɪteri/,relating to the money in a country,liên quan đến tiền bạc,,monetary policy monetary control The monetary unit of the UK is the pound.
145,persuasive,/pərˈsweɪsɪv/,able to persuade somebody to do or believe something,"có tài thuyết phục, có sức thuyết phục, khiến tin theo, khiến nghe theo",,persuasive arguments He can be very persuasive. the persuasive power of advertising
146,promotional,/prəˈmoʊʃənl/,connected with advertising,liên quan đến quảng cáo (để bán hàng),,promotional material
147,repetitive,&nbsp;/rɪˈpetətɪv/,repeated many times,lặp đi lặp lại nhiều lần,,a repetitive job/task
148,slick,&nbsp;/slɪk/,done or made in a way that is clever and efficient but often does not seem to be sincere or lacks important ideas,"tài tình, khéo léo, có điều đôi khi không trung thực hoặc thiếu sâu sắc",,a slick advertising campaign a slick performance It's that sort of slick sales talk that I mistrust.
149,inevitable,/ɪnˈevɪtəbl/,that you cannot avoid or prevent,"không thể tránh được, chắc chắn xảy ra, bất khả kháng",unavoidable,It was an inevitable consequence of the decision. It was inevitable that there would be job losses. A rise in the interest rates seems inevitable.
150,assure,&nbsp;/əˈʃʊr/,"to tell somebody that something is definitely true or is definitely going to happen, especially when they have doubts about it","làm cho vững tâm, làm cho tin chắc, quả quyết, cam đoan",,"You think I did it deliberately, but I assure you (that) I did not. We were assured that everything possible was being done."
151,cultivate,/ˈkʌltɪveɪt/,to nurture and help grow,"cày cấy, trồng trọt / trau dồi, tu dưỡng (trí tuệ... )",,The land around here has never been cultivated. He purposely tried to cultivate good relations with the press.
152,entice,/ɪnˈtaɪs/,to persuade someone to do something by offering them something pleasant,"dụ dỗ, cám dỗ, lôi kéo, nhử vào bẫy",,The adverts entice the customer into buying things they don't really want. People are being enticed away from the profession by higher salaries elsewhere. A smell of coffee in the doorway enticed people to enter the shop.
153,induce,&nbsp;/ɪnˈduːs/,(formal) to persuade or influence somebody to do something,"<i>(xui, xui khiến, tác động khiến ai đó làm việc gì đấy)</i>",,Nothing would induce me to take the job. drugs which induce sleep a drug-induced coma
154,oblige,/əˈblaɪdʒ/,"to force someone to do something, or to make it necessary for someone to do something","bắt buộc, cưỡng bách; đặt nghĩa vụ cho",,The law obliges companies to pay decent wages to their employees. The law does not obligate sellers to accept the highest offer.
155,pressurise,&nbsp;/ˈpreʃəraɪz/,"to strongly persuade someone to do something they do not want to do, by making them feel that they have to or should do it",tao áp lực để thuyết phục ai đó làm gì đấy,,Stop trying to pressurize me! She was pressurized into accepting the job. She was pressurized into getting married.
156,reassure,/ˌriːəˈʃʊr/,to say or do something that makes somebody less frightened or worried,"trấn an, làm ai đó bớt lo lắng",,"They tried to reassure her, but she still felt anxious. The doctor reassured him that there was nothing seriously wrong."
157,tempt,&nbsp;/tempt/,"to attract somebody or make somebody want to do or have something, even if they know it is wrong","cám dỗ, quyến rũ, nhử, làm thèm, gợi thèm",,I was tempted by the dessert menu. Don't tempt thieves by leaving valuables clearly visible. I was tempted to take the day off.
158,urge,&nbsp;/ɜːrdʒ/,to strongly advise or try to persuade someone to do a particular thing,"thúc, thúc giục, giục giã /&nbsp;cố nài, cố gắng thuyết phục",,She urged him to stay. Police are urging anyone who saw the accident to contact them immediately.
159,breathtaking,/ˈbreθteɪkɪŋ/&nbsp;,"extremely exciting, beautiful, or surprising","vô cùng hấp dẫn, ngoạn mục, bất ngờ",,a breathtaking view of the mountains The scene was one of breathtaking beauty.
160,charming,/ˈtʃɑːrmɪŋ/,very pleasant or attractive,"đẹp, duyên dáng, yêu kiều; có sức quyến rũ, làm say mê, làm mê mẩn",,"The cottage is tiny, but it's charming. She's a charming person. What a charming name."
161,comfortable,/ˈkʌmftəbl/,,"dễ chịu, thoải mái, khoan khoái",,It's such a comfortable bed. These new shoes are not very comfortable. Please make yourself comfortable while I get some coffee.
162,dramatic,/drəˈmætɪk/,"(of a change, an event, etc.) sudden, very great and often surprising exciting and impressive (kịch tích, gay cấn) exaggerated in order to create a special effect and attract people’s attention (cường điệu hóa để thu hút sự chú ý)",đột ngột,,a dramatic increase/fall/change/improvement a dramatic victory He flung out his arms in a dramatic gesture. Don't be so dramatic!
163,magnificent,/mæɡˈnɪfɪsnt/,extremely attractive and impressive; deserving praise,"tráng lệ, nguy nga, lộng lẫy, ấn tượng, cừ khôi",,The Taj Mahal is a magnificent building. She looked magnificent in her wedding dress. You've all done a magnificent job.
164,memorable,/ˈmemərəbl/,"special, good or unusual and therefore worth remembering or easy to remember","đáng ghi nhớ, không thể quên được",,a truly memorable occasion The city is memorable for its fantastic beaches. Her novels are full of memorable characters.
165,mountainous,/ˈmaʊntənəs/,having many mountains,"có núi, lắm núi",,a mountainous region/terrain
166,precarious,/prɪˈkerəriəs/,(of a situation) not safe or certain; dangerous,"không chắc chắn, bấp bênh, mong manh; hiểm nghèo, gieo neo",,He earned a precarious living as an artist. The museum is in a financially precarious position. The world is a precarious and unstable place. They have a somewhat precarious existence.
167,remote,/rɪˈmoʊt/,far away from places where other people live,"xa xôi, hẻo lánh, cách biệt",,a remote beach one of the remotest areas of the world
168,rustic,/ˈrʌstɪk/,simple and often rough in appearance; typical of the countryside,"mộc mạc, quê mùa; đậm chất thôn quê",,an old cottage full of rustic charm a rustic garden seat a rustic fence
169,spectacular,&nbsp;/spekˈtækjələr/,very impressive,"đẹp mắt, ngoạn mục",breathtaking,spectacular scenery Messi scored a spectacular goal. It was a spectacular achievement on their part. a spectacular display of fireworks
170,stunning,/ˈstʌnɪŋ/,extremely beautiful or attractive / shocking or very impressive,tuyệt đẹp / ngoạn mục / hết sức bất ngờ,,You look absolutely stunning! a stunning view of the lake He suffered a stunning defeat in the election.
171,attract,&nbsp;/əˈtrækt/,"to pull or draw someone or something towards them, by the qualities they have, especially good ones","thu hút, hấp dẫn, lôi cuốn",,I had always been attracted by the idea of working abroad. These flowers are brightly coloured in order to attract butterflies. I am attracted to Mary. She's just so beautiful!
172,damage,/ˈdæmɪdʒ/,to harm or spoil something,"làm hư hại, làm hỏng, làm tổn thương, gây thiệt hại, gây tổn hại",,The fire badly damaged the town hall. Several vehicles were damaged in the crash. Smoking seriously damages your health.
173,outweigh,/ˌaʊtˈweɪ/,to be greater or more important than something,"có nhiều tác dụng hơn, có nhiều giá trị hơn, có nhiều ảnh hưởng hơn",,The advantages far outweigh the disadvantages. The risks are vastly outweighed by the potential benefits.
174,bureaucrat,/ˈbjʊrəkræt/,"an official working in an organization or a government department, especially one who follows the rules of the department too strictly","quan lại, công chức, người quan liêu",,It turned out she was one of those faceless bureaucrats who control our lives
175,civil servant,/ˌsɪv.əl ˈsɝː.vənt/,người làm trong lĩnh vực hành chính công,,,He’s a 35-year-old civil servant with two young children.
176,community,/kəˈmjuːnəti/&nbsp;,"all the people who live in a particular area, country, etc. when talked about as a group",cộng đồng,,The local community was shocked by the murders. the international community (= the countries of the world as a group)
177,healthcare,/ˈhelθ.ker/,the service of providing medical care,dịch vụ chăm sóc sức khỏe,,the costs of health care for the elderly health care workers/professionals
178,mayor,&nbsp;/ˈmeɪər/,"the head of the government of a town or city, etc., elected by the public",thị trưởng,,The mayor has promised to cleanse the city of drug dealers . The mayor and the city council are anxious to avoid getting entangled in the controversy.
179,parliament,&nbsp;/ˈpɑːrləmənt/&nbsp;,the group of people who are elected to make and change the laws of a country,"quốc hội, nghị viện",,The German parliament is called the ‘Bundestag’. On Tuesday the country's parliament voted to establish its own army.
180,military service,/ˌmɪl.ɪ.ter.i ˈsɝː.vɪs/,a period during which young people train in the armed forces,"thời gian tại ngũ, thời gian trong quân đội",,to be called up for military service She has to do her military service.
181,notion,/ˈnoʊʃn/,"an idea, a belief or an understanding of something","ý&nbsp;niệm, khái niệm, ý kiến, quan điểm",,a political system based on the notions of equality and liberty She had only a vague notion of what might happen.
182,old-age pension,/ˌoʊld eɪdʒ ˈpen.ʃən/&nbsp;,"a regular income paid by the state to people above a particular age (tiền lương hưu, tiền trợ cấp hưu trí)",,,
183,safety net,/ˈseɪf.ti ˌnet/,an arrangement that helps to prevent disaster if something goes wrong,lưới an toàn (nghĩa bóng),,a financial safety net The welfare system was set up to provide a safety net for the poor.
184,social services,/ˌsoʊ.ʃəl ˈsɝː.vɪs/,a system that is organized by the local government to help people who have financial or family problems,dịch vụ xã hội,,a leaflet on the range of social services available the local social services department
185,unemployment benefit,/ʌn.ɪmˈplɔɪ.mənt ˌben.ə.fɪt/,money paid by the government to somebody who is unemployed,tiền trợ cấp thất nghiệp,,people on (= receiving) unemployment benefit Applications for unemployment benefits dropped last month.
186,leader of the opposition,,,lãnh đạo phe đối lập,,
187,lose control of,,,mất quyền kiểm soát,,
188,social welfare,/ˌsoʊ.ʃəl ˈwel.fer/,"services provided by the government or private organizations to help poor, ill, or old people",phúc lợi xã hội,,
189,miscalculate,/ˌmɪsˈkælkjuleɪt/,"to estimate an amount, a figure, a measurement, etc. wrongly","tính sai, tính nhầm",,They had seriously miscalculated the effect of inflation He had miscalculated how long the trip would take.
190,misinform,/ˌmɪsɪnˈfɔːrm/,to give somebody wrong information about something,báo tin tức sai,,"They were deliberately misinformed about their rights. I was told she would be at the meeting, but clearly I was misinformed. The parents had been misinformed about the incident."
191,misdiagnose,/mɪsˈdaɪəɡnoʊz/,to give an explanation of the nature of an illness or a problem that is not correct,"chấn đoán sai, phán đoán sai",,Her depression was misdiagnosed as stress.
192,mismanage,/ˌmɪsˈmænɪdʒ/,to deal with or manage something badly,"quản lý kém, xử lý kém",,The department’s budget was badly mismanaged. The restaurant was hopelessly mismanaged by a former rock musician with no business experience.
193,misunderstand,/ˌmɪsʌndərˈstænd/,to fail to understand somebody/something correctly,hiểu nhầm,,I completely misunderstood her intentions. Don't misunderstand me—I am grateful for all you've done. I thought he was her husband—I must have misunderstood.
194,misinterpret,&nbsp;/ˌmɪsɪnˈtɜːrprɪt/&nbsp;,to understand something/somebody wrongly,"hiểu sai, giải thích sai",,His comments were misinterpreted as a criticism of the project. She deliberately misinterpreted the question.
195,mislead,/ˌmɪsˈliːd/,to give somebody the wrong idea or impression and make them believe something that is not true,"cố tình lừa dối, tạo ấn tượng giả với ai đó",,He deliberately misled us about the nature of their relationship. Misleading the court in a trial is a serious offence.
196,misjudge,/ˌmɪsˈdʒʌdʒ/,to form an opinion or idea about someone or something that is unfair or wrong,đánh giá sai ai đó hoặc cái gì đó,,She now realizes that she misjudged him. It is difficult to understand how they could have misjudged the mood of the workforce so badly.
197,mistrust,/ˌmɪsˈtrʌst/,to have doubts about the honesty or abilities of someone,"không tin, nghi ngờ, ngờ vực, hồ nghi",,She mistrusts anyone in a position of authority. I've always mistrusted politicians.
198,subsidize,/ˈsʌbsɪdaɪz/,to give money to somebody or an organization to help pay for something,"trợ cấp, phụ cấp",,The housing projects are subsidized by the government. She's not prepared to subsidize his gambling any longer.
199,burrow,/ˈbɜːroʊ/,a hole or tunnel in the ground made by animals such as rabbits for them to live in,"hang (cầy, thỏ)",,
200,colony,&nbsp;/ˈkɑːləni/,a group of plants or animals that live together or grow in the same place,"động vật học) bầy, đàn, tập đoàn",,a colony of ants a bird colony
201,deforestation,&nbsp;/ˌdiːˌfɔːrɪˈsteɪʃn/,the act of cutting down or burning the trees in an area,sự phá rừng; sự phát quang,,land erosion caused by widespread deforestation
202,degradation,&nbsp;/ˌdeɡrəˈdeɪʃn/,the process in which the beauty or quality of nature is destroyed or spoiled,"sự suy biến, sự thoái hóa của tự nhiên",,
203,demise,&nbsp;/dɪˈmaɪz/,"the end of something that was previously considered to be powerful, such as a business, industry, or system","sự sụp đổ, suy vong, suy tàn",,The demise of the company was sudden and unexpected.
204,devastation,/ˌdevəˈsteɪʃn/&nbsp;,"great destruction or damage, especially over a wide area","sự tàn phá, sự phá huỷ, sự phá phách",,The bomb caused widespread devastation. The cost of the devastation could run to £6 million.
205,flooding,&nbsp;/ˈflʌdɪŋ/&nbsp;,large amounts of water covering an area that is usually dry; the fact of this happening,sự làm ngập lụt; sự úng lụt; nạn lụt,,There will be heavy rain with flooding in some areas. to cause/prevent flooding severe/widespread flooding
206,habitat,/ˈhæbɪtæt/,the place where a particular type of animal or plant is normally found,"môi trường sống, nơi sống (của cây cối động vật)",,The panda's natural habitat is the bamboo forest. The marshes provide a rich habitat for water plants. the destruction of wildlife habitat
207,harm,/hɑːrm/,damage or injury that is caused by a person or an event,"hại, tai hại, tổn hao, thiệt hại",,"He would never frighten anyone or cause them any harm. He may look fierce, but he means no harm. The court case will do serious harm to my business."
208,herd,&nbsp;/hɜːrd/,a large group of animals of the same type that live and feed together,"bầy, đàn",,a herd of cows/deer/elephants a beef/dairy herd
209,hive,&nbsp;/haɪv/,a structure made for bees to live in,"tổ ong, đõ ong",,studying the life of bees in the hive
210,lifespan,/ˈlaɪfspæn/&nbsp;,"the length of time that something is likely to live, continue or function",tuổi thọ,,Worms have a lifespan of a few months
211,pack,/pæk/&nbsp;,a group of animals that hunt together or are kept for hunting,"đàn, bầy (chó săn, chó sói... )",,packs of savage dogs wolves hunting in packs a pack of hounds
212,parasite,/ˈpærəsaɪt/,a small animal or plant that lives on or inside another animal or plant and gets its food from it,vật ký sinh / nghiã bóng: kẻ ăn bám,,"fleas, lice and other parasites an intestinal parasite of cattle"
213,prey,/preɪ/,"an animal, a bird, etc. that is hunted, killed and eaten by another",,,he lion will often stalk its prey for hours. birds of prey (= birds that kill for food)
214,rival,/ˈraɪvl/,"a person, company or thing that competes with another in sport, business, etc.","đối thủ, địch thủ, người kình địch, người cạnh tranh",,The two teams have always been rivals. The Japanese are our biggest economic rivals. This latest design has no rivals (= it is easily the best design available).
215,swarm,&nbsp;/swɔːrm/&nbsp;,"a large group of insects, especially bees, moving together in the same direction","đàn, đám, bầy",,a swarm of bees/locusts/flies Gnats came in swarms to torment them
216,threshold,/ˈθreʃhoʊld/,the level at which something starts to happen or have an effect,"ngưỡng, mức, điểm bắt đầu, ngưỡng cửa (cả nghĩa đen và nghĩa bóng)",,He has a low boredom threshold (= he gets bored easily). She felt as though she was on the threshold of a new life. My earnings are just above the tax threshold (= more than the amount at which you start paying tax).
217,appalling,/əˈpɔːlɪŋ/,shocking; extremely bad,"làm kinh hoảng, làm kinh sợ, làm kinh hãi, làm thất kinh; kinh khủng",,The prisoners were living in appalling conditions. It was one of the most appalling atrocities of the war. The regime has an appalling record on human rights.
218,aquatic,/əˈkwætɪk/,"growing or living in, on or near water","sống ở nước, mọc ở nước",,aquatic plants/life/ecosystems
219,hypocritical,&nbsp;/ˌhɪpəˈkrɪtɪkl/&nbsp;,pretending to have moral standards or opinions that you do not actually have,"đạo đức giả, giả nhân giả nghĩa; nói điều mà mình không thực sự tin",,It would be hypocritical of me to have a church wedding when I don't believe in God. Their accusations of corruption are hypocritical - they have been just as corrupt themselves.
220,impartial,/ɪmˈpɑːrʃl/,not supporting one person or group more than another,"công bằng, không thiên vị, vô tư",,"an impartial inquiry/observer to give impartial advice As chairman, I must remain impartial"
221,irresponsible,/ˌɪrɪˈspɑːnsəbl/,(of a person) not thinking enough about the effects of what they do; not showing a feeling of responsibility,"thiếu tinh thần trách nhiệm / không thận trọng, khinh suất",,an irresponsible teenager an irresponsible attitude It would be irresponsible to ignore the situation.
222,nocturnal,/nɑːkˈtɜːrnl/,(of animals) active at night,thuộc) đêm; về đêm,,These animals are strictly nocturnal. These insects are largely nocturnal.
223,outrageous,/aʊtˈreɪdʒəs/,very shocking and morally unacceptable,"quá chừng, quá quắt",,outrageous behaviour ‘That's outrageous!’ he protested.
224,risky,/ˈrɪski/,involving the possibility of something bad happening,"liều, mạo hiểm / đấy rủi ro, đầy mạo hiểm",,Life as an aid worker can be a risky business (= dangerous). a risky investment It's far too risky to generalize from one set of results.
225,venomous,/ˈvenəməs/,poisonous,có nọc độc,,a highly venomous snake
226,flourish,/ˈflɜːrɪʃ/,to grow or develop successfully (thrive),"hưng thịnh, thịnh vượng, phát đạt; thành công; phát triển, mọc sum sê (cây... )",,Few businesses are flourishing in the present economic climate. The arts began to flourish at that time. There was a flourishing black market.
227,forage,&nbsp;/ˈfɔːrɪdʒ/,"to go from place to place searching, especially for food","tìm kiếm, hái lượm thứ gì đó, đặc biệt là thức ăn",,The female only leaves the young when she forages for food. The pigs are allowed to forage around in a large orchard.
228,hibernate,/ˈhaɪbərneɪt/,(of animals) to spend the winter in a state like deep sleep,ngủ đông (động vật),,The turtle hibernates in a shallow burrow for six months of the year.
229,lay,/leɪ/,(of an animal or bird) to produce eggs from out of the body,đẻ trứng (chim,,Thousands of turtles drag themselves onto the beach and lay their eggs in the sand
230,poach,/poʊtʃ/,to catch and kill animals without permission on someone else's land,"săn trộm, câu trộm",,The farmer claimed that he shot the men because they were poaching on his land.
231,thrive,/θraɪv/,"to become, and continue to be, successful, strong, healthy, etc.","thịnh vượng, phát đạt / lớn nhanh, mau lớn, phát triển mạnh",,New businesses thrive in this area. These animals rarely thrive in captivity.
232,condensation,/ˌkɑːndenˈseɪʃn/,,"hơi nước ngưng tụ / sự ngưng tụ, ngưng đọng",,The window was steamed up with condensation. Not all roofing problems are caused by leaks; condensation may also be a problem.
233,debris,&nbsp;/dəˈbriː/&nbsp;,"pieces of wood, metal, brick, etc. that are left after something has been destroyed",vôi gạch đổ nát,,Emergency teams are still clearing the debris from the plane crash. Several people were injured by flying debris in the explosion.
234,eclipse,/ɪˈklɪps/,,"thiên thực (nhật thực, nguyệt thực",,an eclipse of the sun/moon a total/partial eclipse
235,evaporation,&nbsp;/ɪˌvæpəˈreɪʃn/,the process of a liquid changing or being changed into a gas,"sự làm bay hơi, sự bay hơi",,Heat and wind can cause evaporation. Snow cover prevents evaporation of water from the soil.
236,gravity,/ˈɡrævəti/,,"Vật lý) Sự hút, sự hấp dẫn; trọng lực; trọng lượng",,Newton’s law of gravity
237,harbour,/ˈhɑːrbər/,"an area of water on the coast, protected from the open sea by strong walls, where ships can shelter","bến tàu, cảng / (nghĩa bóng) : nơi an toàn; nơi ẩn náu",,Several boats lay at anchor in the harbour. to enter/leave harbour
238,astronomical,/ˌæstrəˈnɑːmɪkl/&nbsp;,"connected with astronomy (of an amount, a price, etc.) very large Vô cùng to lớn.","&nbsp;(thuộc) Thiên văn, (thuộc) thiên văn học.",,astronomical observations the astronomical price of land for building The figures are astronomical.
239,climatic,/klaɪˈmætɪk/,connected with the climate of a particular area,"Thuộc) Khí hậu, (thuộc) thời tiết",,climatic changes/conditions
240,fascinating,&nbsp;/ˈfæsɪneɪtɪŋ/,extremely interesting and attractive,"làm mê, làm say mê, quyến rũ",,a fascinating story/subject The results of the survey made fascinating reading. It's fascinating to see how different people approach the problem.
241,colossal,/kəˈlɑːsl/&nbsp;,extremely large,"khổng lồ, to lớn",,a colossal statue The singer earns a colossal amount of money. The variety of wines available is colossal. They have spent a colossal amount of money on construction.
242,immeasurable,/ɪˈmeʒərəbl/,"too large, great, etc. to be measured","vô hạn, mênh mông, không thể đo lường được",,to cause immeasurable harm Her contribution was of immeasurable importance.
243,imperceptible,/ˌɪmpərˈseptəbl/,very small and therefore unable to be seen or felt,"Không thể cảm thấy; không thể nhận thấy /&nbsp;Rất nhỏ, rất tinh tế",,imperceptible changes in temperature The differences were imperceptible to all but the most trained eye.
244,magnetic,/mæɡˈnetɪk/&nbsp;,,"thuộc) nam châm, có tính từ, (thuộc) từ",,magnetic materials The block becomes magnetic when the current is switched on.
245,minuscule,&nbsp;/ˈmɪnəskjuːl/,extremely small,"Nhỏ xíu, rất nhỏ",,"minuscule handwriting The newsroom was minuscule, not much more than a cubbyhole."
246,transient,&nbsp;/ˈtrænʃnt/,lasting for only a short time; temporary,"Ngắn ngủi, nhất thời, chóng tàn /&nbsp;Thoáng qua, nhanh, vội vàng",,A glass of whisky has only a transient warming effect. The city has a large transient population (= many people who are living in it only temporarily).
247,vast,/væst/,"extremely large in area, size, amount, etc.","Rộng lớn, mênh mông, bao la; to lớn ((nghĩa đen) &amp; (nghĩa bóng)",huge,a vast area of forest a vast crowd a vast amount of information
248,activate,&nbsp;/ˈæktɪveɪt/,to make something such as a device or chemical process start working,"hoạt hóa, làm hoạt động, kích hoạt",,The burglar alarm is activated by movement. The gene is activated by a specific protein.
249,burst,/bɜːrst/,"to break open or apart, especially because of pressure from inside; to make something break in this way","bùng nổ, nổ tung, vỡ tung / làm bủng nổ, làm vỡ tung",,That balloon will burst if you blow it up any more. The dam burst under the weight of water. Shells were bursting (= exploding) all around us.
250,collide,/kəˈlaɪd/,(especially of moving objects) to hit something violently,"va nhau, đụng nhau",,"The car and the van collided head-on in thick fog. Two trains collided head-on. The car collided head-on with the van. As he fell, his head collided with the table."
251,dilute,/daɪˈluːt/,"to make a liquid weaker by adding water or another liquid to it pha loãng, pha thêm nước, làm nhạt đi",,,The paint can be diluted with water to make a lighter shade. Dilute the juice (with water) before you drink it.
252,dissolve,&nbsp;/dɪˈzɑːlv/,(of a solid) to mix with a liquid and become part of it hoà tan; làm tan ra.,,,Salt dissolves in water. Heat gently until the sugar dissolves.
253,penetrate,/ˈpenətreɪt/,"to go into or through something Đâm thủng, xuyên qua; nhìn xuyên qua (màn đêm... )","Thâm nhập, lọt vào; nhìn xuyên qua.",,The knife had penetrated his chest. The sun's radiation penetrates the skin. The cold seemed to penetrate his bones. The war penetrates every area of the nation's life.
254,pierce,/pɪrs/,"to make a small hole in something, or to go through something, with a sharp object","Đâm, chọc, chích, xuyên (bằng gai, bằng ghim... ).",,The arrow pierced his shoulder. He pierced another hole in his belt with his knife.
255,reflect,&nbsp;/rɪˈflekt/,"to show the image of somebody/something on the surface of something such as a mirror, water or glass","Phản chiếu, phản xạ, dội lại",,His face was reflected in the mirror. She could see herself reflected in his eyes.
256,repel,&nbsp;/rɪˈpel/,"to drive, push or keep something away","đẩy, đẩy lùi, chống lại",,a cream that repels insects The fabric has been treated to repel water.
257,solidify,/səˈlɪdɪfaɪ/&nbsp;,"to change from being a liquid or gas to a solid form, or to make something do this","Đặc lại, rắn lại, đông đặc /&nbsp;Làm cho đặc lại, làm cho rắn lại; làm cho đông đặc",,Molten volcanic lava solidifies as it cools. The chemical reaction solidifies the resin.
258,cyberspace,&nbsp;/ˈsaɪbərspeɪs/,the internet considered as an imaginary area without limits where you can meet people and discover information about any subject,"thế giới mạng, không gian mạng",,You can find the answer to almost any question in cyberspace.
259,expense,/ɪkˈspens/,the money that you spend on something,Sự tiêu; phí tổn,,The garden was transformed at great expense. No expense was spared (= they spent as much money as was needed) to make the party a success.
260,fabric,/ˈfæbrɪk/,"cloth or material for making clothes, covering furniture, etc.",vải vóc,,cotton fabric furnishing fabrics
261,fibre,/ˈfaɪbər/,any of the thread-like parts that form plant or artificial material and can be made into cloth,"xơ, sợi, thớ",,The fibres are woven into fabric nylon and other man-made fibres
262,foam,/foʊm/,a soft material used to fill furniture and other objects,xốp,,a foam mattress foam packaging
263,log,&nbsp;/lɔːɡ/,a thick piece of wood that is cut from or has fallen from a tree,"Khúc gỗ mới đốn, khúc gỗ mới xẻ",,logs for the fire
264,marble,/ˈmɑːrbl/,a type of hard stone that is usually white and often has coloured lines in it.,"Đá hoa, cẩm thạch",,a slab/block of marble a marble floor/sculpture a statue of Cupid carved in black marble
265,patent,/ˈpætnt/,the official legal right to make or sell an invention for a particular number of years,"Bằng sáng chế, bản quyền sáng chế",,to apply for/obtain a patent on an invention The device was protected by patent.
266,pillar,&nbsp;/ˈpɪlər/&nbsp;,"a strong column made of stone, metal, or wood that supports part of a building","Cột, trụ",,Two white marble pillars stood on either side of the entrance.
267,plank,/plæŋk/,"a long narrow flat piece of wood that is used for making floors, etc.",Tấm ván gỗ,,a plank of wood a wooden plank
268,prop,/prɑːp/,"a piece of wood, metal, etc. used to support something or keep it in position","Cái chống, nạng chống",,Rescuers used props to stop the roof of the tunnel collapsing.
269,thread,&nbsp;/θred/,"a thin string of cotton, wool, silk, etc. used for sewing or making cloth","Chỉ, sợi chỉ, sợi dây",,a needle and thread a robe embroidered with gold thread the delicate threads of a spider’s web
270,timber,/ˈtɪmbər/,wood used for building,"gỗ làm nhà, cây gỗ",,houses built of timber a solid timber door
271,cutting-edge,&nbsp;/ˌkʌtɪŋ ˈedʒ/,"at the newest, most advanced stage in the development of something",tối tân,,cutting-edge technology/research/science/design
272,futuristic,&nbsp;/ˌfjuːtʃəˈrɪstɪk/,"extremely modern and unusual in appearance, as if belonging to a future time",,,futuristic design
273,demolish,/dɪˈmɑːlɪʃ/,to pull or knock down a building,Phá huỷ; đánh đổ,,The factory is due to be demolished next year.
274,dye,&nbsp;/daɪ/&nbsp;,"to change the colour of something, especially by using a special liquid or substance",nhuộm,,"She dyed her hair blonde. For a change, why not dye your T-shirts? dyed black hair"
275,innovative,&nbsp;/ˈɪnəveɪtɪv/,"introducing or using new ideas, ways of doing something, etc.",Có tính chất đổi mới; có tính chất là một sáng kiến.,,There will be a prize for the most innovative design.
276,revolve,/rɪˈvɔːlv/,to go in a circle around a central point,"Quay tròn, xoay quanh&nbsp;",,The fan revolved slowly. The earth revolves on its axis.
277,rotate,/ˈroʊteɪt/,to move or turn around a central fixed point; to make something do this,"Quay, xoay quanh",,Stay well away from the helicopter when its blades start to rotate. winds rotating around the eye of a hurricane Rotate the wheel through 180 degrees.
278,strike,/straɪk/,to hit somebody/something hard or with force,"Đánh, đập",,The ship struck a rock. The child ran into the road and was struck by a car.
279,archive,/ˈɑːrkaɪv/,"a collection of historical records relating to a place, organization, or family a place where historical records are kept","Tài liệu, tài liệu lưu trữ; lưu trữ; phòng lưu trữ",,the National Sound Archive archive film The BBC's archives are bulging with material.
280,acquisitiveness,/əˈkwɪzətɪvnəs/,eagerness to own and collect things,"Tính thích trữ của, tính hám lợi.",,"He was known for his acquisitiveness, buying any work of art that caught his eye."
281,stockpile,/ˈstɑːkpaɪl/,"a large amount of food, goods, or weapons that are kept ready for future use",Kho dự trữ,,They have a stockpile of weapons and ammunition that will last several months
282,supplies,/səˈplɑɪz/,food and other ordinary goods needed by people every day,nhu yếu phẩm hàng ngày,,"On their fourth day out, the climbers began to run low on supplies."
283,chic,&nbsp;/ʃiːk/&nbsp;,the quality of being fashionable and elegant,"Bảnh, diện sang trọng, lịch sự",&nbsp;stylishness,a perfectly dressed woman with an air of chic that was unmistakably French I like your haircut - it's very chic. a chic restaurant
284,drab,&nbsp;/dræb/,"dull and boring, especially in appearance; having little colour and excitement","Đều đều, buồn tẻ, xám xịt.",,"a cold drab little office drab women, dressed in browns and greys"
285,mundane,/mʌnˈdeɪn/,not interesting or exciting,"tầm thường, nhạt nhẽo; vô vị","dull, ordinary",a mundane task/job Mundane matters such as paying bills and shopping for food do not interest her.
286,sophisticated,&nbsp;/səˈfɪstɪkeɪtɪd/,"having a lot of experience of the world and knowing about fashion, culture and other things that people think are socially important","khôn ngoan, thông thái, thạo đời",,I don't think I have any books that would suit your sophisticated tastes. He was older than me and from London and I thought him very sophisticated.
287,must-have,/ˈmʌst.hæv/,something that many people want to own,thứ rất nhiều người muốn có,,The iPod quickly established itself as a must-have device
288,a passing trend,,"Something that used to be insanely popular for a while, and has kind of faded, or ""passed"" away.",Một mốt nhất thời nhưng giờ đã không còn ai nhớ đến nữa,,"For example backward caps were majorly popular in the late 90's and early 2000s, but now, almost no one wears their baseball cap backwards. Its faded and almost disappeared."
289,casual dress,,"clothes that are relaxed, occasional, not planned, or informal","trang phục thường ngày, không trang trọng",,
290,conspicuous consumption,,,,,cons_______us co_______ion
291,designer label,,"a famous company that makes expensive clothes, bags, etc. and that is a well-known brand",,,Our aim is to make this one of the world's great designer labels.
292,disposable income,/dɪˌspoʊ.zə.bəl ˈɪn.kʌm/,"the money that you can spend as you want and not the money that you spend on taxes, food, and other basic needs",Kinh tế học) Thu nhập khả dùng; thu nhập khả tiêu; Thu nhập khả dụng.,,
293,fashion accessory,,,phụ kiện thời trang,,
294,get rid of,,to remove or throw away something unwanted,tống khứ,,That cream got rid of my skin rash. I used weedkiller to get rid of the weeds in the garden.
295,vogue,/voʊɡ/,"to be in vo___e fashionable, especially if it is temporary",,,Black is in vogue again. Sixties music has come back into vogue.
296,abandon,&nbsp;/əˈbændən/,"to leave a place, thing, or person, usually for ever","từ bỏ; bỏ rơi, ruồng bỏ",,"We had to abandon the car. By the time the rebel troops arrived, the village had already been abandoned. As a baby he was abandoned by his mother. We were sinking fast, and the captain gave the order to abandon ship."
297,conserve,/kənˈsɜːrv/,"to keep and protect something from damage, change, or waste","Giữ gìn, duy trì, bảo tồn, bảo toàn",,"To conserve electricity, we are cutting down on our heating. The nationalists are very eager to conserve their customs and language. I'm not being lazy - I'm just conserving my energy/strength for later."
298,consume,/kənˈsuːm/,to use something / to eat or drink something,"dùng, tiêu thụ / ăn uống",,"Our high living standards cause our current population to consume 25 percent of the world's oil. We consumed vast quantities of food and drink that night. Alcohol should be consumed in moderation, and this is particularly true for pregnant women."
299,discard,/dɪsˈkɑːrd/,to get rid of something that you no longer want or need,"Bỏ, loại bỏ, vứt bỏ (quần áo, thói quen, lòng tin...",,to get rid of something that you no longer want or need
300,dump,&nbsp;/dʌmp/,"to get rid of something you do not want, especially in a careless way Đổ ầm xuống, ném phịch xuống","Đổ thành đống (rác); vứt bỏ, gạt bỏ (ai...",,Too much toxic waste is being dumped at sea. The dead body was just dumped by the roadside.
301,eradicate,/ɪˈrædɪkeɪt/,"to destroy or get rid of something completely, especially something bad","nhổ tận gốc rễ,&nbsp;trừ tiệt, triệt hạ, xóa sạch.",,The government claims to be doing all it can to eradicate corruption. The disease that once claimed millions of lives has now been eradicated.
302,hoard,&nbsp;/hɔːrd/&nbsp;,"to collect large amounts of something and keep it in a safe, often secret, place","Trữ, tích trữ; dự trữ; dành dụm",,During the siege people began hoarding food and supplies. There would be enough food on a daily basis if people were not hoarding it.
303,maintain,&nbsp;/meɪnˈteɪn/&nbsp;,"to continue to have; to keep in existence, or not allow to become less","Giữ, duy trì, bảo vệ, bảo quản",,"The army has been brought in to maintain order in the region. We have standards to maintain. Despite living in different countries, the two families have maintained close links. The film has maintained its position as the critics' favourite for another year."
304,preserve,&nbsp;/prɪˈzɜːrv/,"to keep something as it is, especially in order to prevent it from decaying or being damaged or destroyed","Giữ, giữ gìn, bảo quản, bảo tồn, duy trì",,to preserve the environment Putting varnish on wood is a way of preserving it.
305,retain,/rɪˈteɪn/,to keep something; to continue to have something,"Vẫn giữ, vẫn có, vẫn duy trì, vẫn dùng, không bỏ",,to retain your independence He struggled to retain control of the situation. The house retains much of its original charm.
306,concrete jungle,,a way of describing a city or an area that is unpleasant because it has many buildings and no trees or parks,rừng bê-tông (một cách miêu tả khu vực đô thị,,
307,employment opportunities,,,cơ hội việc làm,,Here are some employment opportunities in the city
308,high-rise building,,,nhà cao tầng,,
309,housing estate,/ˈhaʊ.zɪŋ ɪˌsteɪt/,an area in which a large number of houses or flats/apartments are planned and built together at the same time,khu đô thị,,They live on a housing estate.
310,slum,/slʌm/&nbsp;,an area of a city that is very poor and where the houses are dirty and in bad condition,Khu nhà ổ chuột.,,a slum area city/urban slums She was brought up in the slums of Leeds.
311,noise pollution,/ˈnɔɪz pəˌluː.ʃən/,"noise, such as that from traffic, that upsets people where they live or work and is considered to be unhealthy for them",ô nhiễm tiếng ồn,,to tackle/ease/reduce noise pollution
312,suburbs,&nbsp;/ˈsʌbɜːrb/,an area where people live that is outside the centre of a city,"khu vực ngoại ô, ngoại thành",,a suburb of London a London suburb They live in the suburbs.
313,sewage,/ˈsuːɪdʒ/,the system of carrying away waste water and human waste from houses and other buildings through large underground pipes or passages,"hệ thống cống rãnh, mương thoát nước",,
314,congestion,/kənˈdʒestʃən/,the state of being crowded and full of traffic,tắc nghẽn (thường dùng để nói về giao thông,,traffic congestion and pollution
315,urban sprawl,/ˈɜr·bən ˈsprɔl/,"the spread of a city into the area surrounding it, often without planning",ào ạt vươn ra ngoại ô một cách thiếu quy hoạch,,Huge tourist attractions have produced choking urban sprawl.
316,frantic,/ˈfræntɪk/,done or arranged in a hurry and a state of excitement or confusion,"Điên cuồng, điên rồ, cuống cuồng",,They made frantic attempts to revive him. Things are frantic in the office right now.
317,high-rise,/ˈhaɪ.raɪz/&nbsp;,(of a building) very tall and having a lot of floors,Cao ngất (nhà nhiều tầng,,high-rise housing These high-rise apartment blocks were built in the 1960s.
318,isolated,&nbsp;/ˈaɪsəleɪtɪd/&nbsp;,(of buildings and places) far away from any others,"cô lập, biệt lập",,an isolated farm/village
319,overpopulated,/ˌoʊvərˈpɑːpjuleɪtɪd/,(of a country or city) with too many people living in it,"quá tải dân số, quá đông dân",,
320,migrate,&nbsp;/ˈmaɪɡreɪt/,"(of a lot of people) to move from one town, country, etc. to go and live and/or work in another","Di trú, di cư; ra nước ngoài.",,Thousands were forced to migrate from rural to urban areas in search of work.
321,settle,/ˈsetl/,to make a place your permanent home,"Làm ăn, sinh sống; ổn định cuộc sống, an cư lạc nghiệp, định cư.",,She settled in Vienna after her father's death.
322,tranquil,&nbsp;/ˈtræŋkwɪl/,"calm and peaceful and without noise, violence, worry, etc.:","Lặng lẽ, yên lặng, yên tĩnh; thanh bình.",,She stared at the tranquil surface of the water. The hotel is in a tranquil rural setting. A spasm of pain crossed his normally tranquil features.
323,abysmal,&nbsp;/əˈbɪzməl/,extremely bad or of a very low standard,"vô cùng tệ hại, thậm tệ",,His manners are abysmal. The council has an abysmal record on education.
324,catastrophe,/kəˈtæstrəfi/,a sudden event that causes many people to suffer,"Tai ương, tai biến, thảm hoạ, tai hoạ lớn.",disaster,Early warnings of rising water levels prevented another major catastrophe.
325,clone,&nbsp;/kloʊn/&nbsp;,to produce an exact copy of something,"nhân bản, sao chép giống hệt",,"A team from the UK were the first to successfully clone an animal. Dolly, the cloned sheep"
326,controversy,/ˈkɑːntrəvɜːrsi/&nbsp;,"a lot of disagreement or argument about something, usually because it affects or is important to many people","Sự tranh luận, sự tranh cãi.",,to arouse/cause controversy a bitter controversy over/about the site of the new airport the controversy surrounding his latest movie The President resigned amid considerable controversy.
327,crisis,&nbsp;/ˈkraɪsɪs/,"a time of great danger, difficulty or confusion when problems must be solved or important decisions must be made",Sự khủng hoảng; cơn khủng hoảng.,,a political/financial crisis the government’s latest economic crisis The business is still in crisis but it has survived the worst of the recession.
328,dilemma,/dɪˈlemə/,a situation in which a difficult choice has to be made between two different things you could do,"Thế tiến lui đều khó, thế tiến thoái lưỡng nan, tình trạng khó xử.",predicament,The president is clearly in a dilemma about/over how to tackle the crisis. She faces the dilemma of disobeying her father or losing the man she loves. a moral/ethical dilemma
329,disaster,/dɪˈzæstər/,"(an event that results in) great harm, damage, or death, or serious difficulty","Tai hoạ, thảm hoạ, tai ách;&nbsp;Điều bất hạnh.",catastrophe,An inquiry was ordered into the recent rail disaster (= a serious train accident). It would be a disaster for me if I lost my job. This is one of the worst natural disasters ever to befall the area.
330,hurdle,&nbsp;/ˈhɜːrdl/,a problem that you have to deal with before you can make progress,Nghĩa bóng) Vật chướng ngại.,obstacle,Getting a work permit was the first hurdle to overcome. The cost of this exercise is proving to be a major hurdle.
331,obstacle,/ˈɑːbstəkl/,"a situation, an event, etc. that makes it difficult for you to do or achieve something Sự cản trở, sự trở ngại.","Vật chướng ngại, trở lực.",hindrance,"A lack of qualifications can be a major obstacle to finding a job. So far, we have managed to overcome all the obstacles that have been placed in our path."
332,setback,/ˈsetbæk/,something that happens that delays or prevents a process from developing,"Một trở ngại, khó khăn, thụt lùi.",,The team suffered a major setback when their best player was injured. The breakdown in talks represents a temporary setback in the peace process.
333,catastrophic,/ˌkætəˈstrɑːfɪk/&nbsp;,causing a lot of damage and suffering; causing a lot of problems,"Thảm hoạ, thê thảm.",disastrous,a catastrophic earthquake/flood/wildfire a catastrophic failure/collapse/defeat (US English) a catastrophic illness (= one that costs a very large amount to treat)
334,daunting,/ˈdɔːntɪŋ/,making you feel slightly frightened or worried about your ability to achieve something,"Làm thoái chí, làm nản chí.",intimidating,She has the daunting task of cooking for 20 people every day. Starting a new job can be a daunting prospect.
335,disastrous,/dɪˈzæstrəs/,"very bad, harmful or unsuccessful Bất hạnh.","Tai hại, thảm khốc.","catastrophic, devastating",Such a war would be disastrous for the country. This decision will have a disastrous impact on foreign policy. His first attempt was disastrous.
336,insurmountable,/ˌɪnsərˈmaʊntəbl/,"(of difficulties, problems, etc.) that cannot be dealt with successfully",Không vượt qua được (vật chướng ngại... ).,insuperable,The age barrier appeared insurmountable. They were now faced with seemingly insurmountable technical problems.
337,ongoing,/ˈɔːnɡoʊɪŋ/,continuing to exist or develop,"liên tục, vẫn đang diễn ra, vẫn đang tiếp tục diễn biến",,an ongoing debate/discussion/process The police investigation is ongoing. Training is part of our ongoing career development program.
338,pervasive,/pərˈveɪsɪv/,"present or noticeable in every part of a thing or place Lan tràn khắp, thâm nhập khắp.",Toả khắp.,,The influence of Freud is pervasive in her books. a pervasive smell of diesel Reforms are being undermined by the all-pervasive corruption in the country.
339,problematic,/ˌprɑːbləˈmætɪk/,difficult to deal with or to understand; full of problems; not certain to be successful,có nhiều vấn đề khó khăn,,The situation is more problematic than we first thought. Getting everyone there on time might prove problematic.
340,do more harm than good,,to be damaging and not helpful,"lợi bất cập hại, hại nhiều hơn lợi",,Getting involved at this stage would do more harm than good.
341,dwell on,/dwel/,"to keep thinking or talking about something, especially something that would be better to forget","Dừng lại ở, chăm chú vào, nhấn lâu vào, day đi day lại, nói đi nói lại.",,"So you made a mistake, but there's no need to dwell on it."
342,energy crisis,,a shortfall in or interruption to the provision of energy supplies,khủng hoảng năng lượng,,A solution to the global energy crisis may be at hand. Oil shortages have brought on an energy crisis.
343,gain insight into,,to have a clear and deep understanding of a complicated problem or situation,"hiểu thấu được bên trong sự vật, sự việc",,Using storytelling to gain insight into patient perspectives on disease
344,genetically modified,,,thực phẩm) biến đổi gen,,
345,take stock of something,,"to think carefully about a situation or event and form an opinion about it, so that you can decide what to do next","Nghĩa bóng) Nhận xét, đánh giá.",,"It was time to stand back and take stock of his career. After two years spent teaching overseas, she returned home for a month to take stock of her life."
346,aggravate,/ˈæɡrəveɪt/,to make a bad situation worse (antonym: alleviate),"Làm trầm trọng thêm, làm nặng thêm, làm nguy ngập thêm, làm xấu thêm.",,The government’s actions will only aggravate the problem. He aggravated an old shoulder injury during the win against Chelsea. The treatment only aggravated the condition.
347,alleviate,/əˈliːvieɪt/,to make something less severe,"Làm nhẹ bớt, làm giảm bớt, làm đỡ, làm dịu, làm khuây (sự đau, nỗi đau khổ, nỗi phiền muộn).",ease,These measures are designed to alleviate the situation. Are we doing enough to alleviate poverty in these countries? The drugs did nothing to alleviate her pain/suffering.
348,arise,/əˈraɪz/,(especially of a problem or a difficult situation) to happen; to start to exist Phát sinh do; do bởi.,"Xuất hiện, nảy sinh ra, xảy ra.",,A new crisis has arisen. We keep them informed of any changes as they arise. Children should be disciplined when the need arises (= when it is necessary). A storm arose during the night.
349,exacerbate,/ɪɡˈzæsərbeɪt/,"to make something that is already bad even worse, especially a disease or problem","Làm tiêu cực thêm, làm xấu đi, làm trầm trọng thêm (bệnh, sự tức giận, sự đau đớn).",aggravate,His aggressive reaction only exacerbated the situation. The symptoms may be exacerbated by certain drugs. This attack will exacerbate the already tense relations between the two communities.
350,hinder,/ˈhɪndər/,to make it difficult for somebody to do something or for something to happen,"Cản trở, gây trở ngại.",hamper,a political situation that hinders economic growth Some teachers felt hindered by a lack of resources. An injury was hindering him from playing his best.
351,ignore,&nbsp;/ɪɡˈnɔːr/,to pay no attention to something,"Lờ đi, phớt đi, làm ra vẻ không biết đến; kệ, bỏ qua.",,He ignored all the ‘No Smoking’ signs and lit up a cigarette. I made a suggestion but they chose to ignore it. We cannot afford to ignore their advice. She deliberately ignored my question and changed the subject.
352,improve,/ɪmˈpruːv/,to become better than before; to make something/somebody better than before,"Cải tiến, cải thiện, cải tạo, trau dồi (tư tưởng), mở mang (kiến thức... ).",,His quality of life has improved dramatically since the operation. The doctor says she should continue to improve (= after an illness). I hope my French will improve when I go to France.
353,mitigate,/ˈmɪtɪɡeɪt/,"to make something less harmful, serious, etc.","Giảm nhẹ, làm dịu bớt, làm cho đỡ.",alleviate,action to mitigate poverty Soil erosion was mitigated by the planting of trees. It is unclear how to mitigate the effects of tourism on the island.
354,rectify,/ˈrektɪfaɪ/,to put right something that is wrong (synonym : correct),"Sửa, sửa cho thẳng.",,"The mistake can easily be rectified. It’s not too late to rectify matters. There were some errors in the report, but these were easy to rectify. We must take immediate steps to rectify the situation."
355,resolve,/rɪˈzɔːlv/,to find an acceptable solution to a problem or difficulty,"Giải quyết (khó khăn, vấn đề, mối nghi ngờ...).",settle,to resolve an issue/a dispute/a conflict/a crisis Attempts are being made to resolve the problem of security in schools. Both sides met in order to try to resolve their differences. Be patient and the situation may resolve itself.
356,aftershock,&nbsp;/ˈæftərʃɑːk/,a small earthquake that happens after a bigger one,"Địa lý,địa chất) Dư chấn.",,The area suffered a series of aftershocks measuring up to 6.3 on the Richter scale. The initial earthquake was followed by a series of aftershocks.
357,agriculture,/ˈæɡrɪkʌltʃər/,,nông nghiệp,,The number of people employed in agriculture has fallen in the last decade. 50% of the country’s population depends on agriculture.
358,cattle,/ˈkætl/,cows and bulls that are kept as farm animals for their milk or meat,gia súc,,a herd of cattle twenty head of cattle (= twenty cows) dairy/beef cattle The prisoners were herded into trucks like cattle.
359,coast,/koʊst/,the land beside or near to the sea or ocean,Bờ biển.,,a town on the south coast of England islands off the west coast of Ireland a trip to the coast We walked along the coast for five miles. the Welsh coast a pretty stretch of coast the coast road
360,deforestation,/ˌdiːˌfɔːrɪˈsteɪʃn/,the act of cutting down or burning the trees in an area,Sự phá rừng; sự phát quang.,,land erosion caused by widespread deforestation
361,desalination,/ˌdiːˌsælɪˈneɪʃn/&nbsp;,the process of removing salt from sea water,Sự khử muối từ nước biển.,,a desalination plant
362,erosion,/ɪˈroʊʒn/,"the process by which soil, stone, etc. being gradually damaged and removed by the waves, rain, or wind","Sự xói mòn, sự ăn mòn.",,the erosion of the coastline by the sea soil erosion
363,fungus,/ˈfʌŋɡəs/,any of various types of organisms that get their food from decaying material or other living things,nấm,,Mushrooms and mould are fungi. Fungus can be poisonous.
364,herbivore,/ˈhɜːrbɪvɔːr/,any animal that eats only plants,Động vật ăn cỏ.,,Cows and sheep are herbivores.
365,lava,/ˈlɑːvə/,hot liquid rock that comes out of a volcano,"Địa lý, địa chất) Lava, dung nham.",,molten lava
366,petal,/ˈpetl/,a delicate coloured part of a flower.,Thực vật học) Cánh hoa.,,rose petals
367,productivity,/ˌproʊdʌkˈtɪvəti/&nbsp;,,"Sức sản xuất; năng suất, hiệu suất.",,high/improved/increased productivity Wage rates depend on levels of productivity. the low agricultural productivity of the country
368,puddle,/ˈpʌdl/,"a small amount of water or other liquid, especially rain, that has collected in one place on the ground",Vũng nước (mưa... ).,,
369,reservoir,/ˈrezərvwɑːr/,"a natural or artificial lake where water is stored before it is taken by pipes to houses, etc.",Bể chứa nước; hồ dự trữ nước,,
370,shore,/ʃɔːr/,"the land along the edge of the sea or ocean, a lake or another large area of water","bờ (biển, hồ",,a rocky/sandy shore to swim from the boat to the shore a house on the shores of the lake
371,species,/ˈspiːʃiːz/,,Sinh vật học) Loài.,,a rare species of beetle There are many species of dog(s). a conservation area for endangered species
372,stem,/stem/,,"Thực vật học) Thân (cây); cuống, cọng (lá, hoa).",,"long, trailing stems of ivy a tall plant with branching stems There are several leaves on each stem. When the bush has finished flowering, cut back all the stems."
373,tide,/taɪd/,,"Triều, thuỷ triều, con nước.",,the ebb and flow of the tide The tide is in/out. Is the tide coming in or going out? The body was washed up on the beach by the tide.
374,tremor,/ˈtremər/,a small earthquake in which the ground shakes slightly,"chấn động, rung động",,an earth tremor The tremor was felt as far as 200 miles away.
375,current,/ˈkɜːrənt/,"the movement of water in the sea or a river; the movement of air in a particular direction the flow of electricity through a wire, etc.","Dòng (nước); luồng (gió, không khí); (điện học) dòng điện.",,He swam to the shore against a strong current. Birds use warm air currents to help their flight.
376,dense,/dens/,having parts that are close together so that it is difficult to go or see through Đông đúc; rậm rạp.,"Dày đặc, chặt.",,dense fog a dense forest The body was found hidden in dense undergrowth.
377,freezing,&nbsp;/ˈfriːzɪŋ/,extremely cold,"Giá lạnh, băng giá, rét lắm.",,"It's freezing in here - can I close the window? They survived for four hours in the freezing water. After walking through the snow, my feet were freezing. I had to wait for hours on the freezing cold station platform."
378,long-term,/ˌlɔːŋ ˈtɜːrm/,that will last or have an effect over a long period of time,"Dài hạn, dài ngày, lâu dài.",,a long-term strategy the long-term effects of fertilizers a long-term investment
379,native,/ˈneɪtɪv/,(of animals and plants) existing naturally in a place,"bản địa, thuộc về một vùng đất nào đó",,the native plants of America The tiger is native to India. native species Some animals are in danger because their native habitat is being destroyed.
380,resistant,/rɪˈzɪstənt/,not affected by something; able to resist something,"Có sức chịu đựng, có sức bền, bền.",,plants that are resistant to disease Mosquitoes are becoming resistant to insecticides.
381,severe,/sɪˈvɪr/,extremely bad or serious,"Rất xấu, rất mãnh liệt, rất gay go, khốc liệt, dữ dội.",,a severe handicap His injuries are severe. severe weather conditions a severe winter (= one during which the weather conditions are extremely bad)
382,torrential,/təˈrenʃl/,(of rain) falling in large amounts,"Như thác, cuồn cuộn.",,torrential rain a torrential downpour/storm
383,tropical,&nbsp;/ˈtrɑːpɪkl/,"coming from, found in or typical of the tropics",Thuộc) Nhiệt đới.,,tropical fish tropical Africa a tropical island
384,a storm in a teacup,,a lot of anger or worry about something that is not important,chuyện bé xé ra to,,I think it's all a storm in a teacup - there's probably no danger to public health at all.
385,be snowed under with something,,"to have more things, especially work, than you feel able to deal with",có nhiều việc hơn mức có thể làm,,I'd love to come but I'm completely snowed under at the moment. I'm absolutely snowed under with work at the moment.
386,every cloud has a silver lining,,every sad or difficult situation has a positive side,bất cứ vấn đề xấu gì cũng đều có một mặt tốt trong đó,,"I'm sorry your business is going badly, but don't despair. Every cloud has a silver lining. When Mary's friends visited her in the hospital, they tried to cheer her up, but Mary never could find the silver lining in the cloud of her illness."
387,in the cold light of day,,"If you think about something in the cold light of day, you think about it clearly and calmly, without the emotions you had at the time it happened, and you often feel sorry or ashamed about it",khi đã bình tĩnh suy nghĩ lại (thường là cảm thấy ân hận hoặc xấu hổ,,"These things always look different in the cold light of day. The next morning, in the cold light of day, Sarah realized what a complete idiot she had been. They had a terrible fight about the mix-up, but in the cold light of day they realized they were both at fault ."
388,see which way the wind is blowing,,to get an idea of what is likely to happen before doing something,"suy tính, dự đoán trước khi hành động",,We studied the whole situation to see which way the wind was blowing and decided to avoid any conflict at that time. Sam failed to see which way the wind was blowing and got himself caught up in an argument.
389,not have the foggiest idea,,to not know anything at all about something,không biết một chút gì về cái gì đó,,"‘Do you know where she is?’ ‘Sorry, I haven't the foggiest.’ I didn't have the foggiest idea what he was talking about. I simply knew I had to get away. These people don't have the foggiest idea what America's really like."
390,the calm before the storm,,a calm time immediately before an expected period of violent activity or argument,khoảng lặng trước cơn bão,,"I like to get everything done before the guests arrive and relax for a moment in the calm before the storm. For most teachers, the days just before the school year begins are the calm before the storm."
391,not a cloud in the sky,,"there are no longer any problems, or all the bad things have gone away.","không có một vấn đề gì cả, mọi sự đều sẽ OK",,
392,vicious circle,,a situation in which one problem causes another problem which then makes the first problem worse,"tình huống mà thứ A tạo ra thứ B, rồi thứ B lại làm thứ A mạnh lên, khiến tình huống càng ngày càng tệ đi",,Many people get caught/trapped in a vicious circle of dieting and weight gain
393,weather the storm,,"If someone or something w_______r the st___m, they successfully deal with a very difficult problem",,,"In the next few days we will see if the ambassador can weather the political storm caused by his remarks. Bob lost his job, but somehow his family weathered the storm."
394,breed,/briːd/,to keep animals for the purpose of producing young animals in a controlled way,Gây giống; chăn nuôi.,,The rabbits are bred for their long coats. Greyhounds were originally bred as hunting dogs. the first panda to be bred in captivity
395,flow,/floʊ/,"(of liquid, gas or electricity) to move steadily and continuously in one direction","chảy, chạy",,She lost control and the tears began to flow. It's here that the river flows down into the ocean. Blood flowed from a cut on her head. This can prevent air from flowing freely to the lungs. the electric currents flowing through the cables
396,sow,/soʊ/,to plant or spread seeds in or on the ground,gieo hạt,,Sow the seeds in rows. Sow the seeds quite thinly. Water well after sowing. Sow rows of lettuces between other vegetables.
397,biofuel,/ˈbaɪoʊfjuːəl/,fuel made from plant or animal sources and used in engines,nhiên liệu sinh học,,biofuels made from sugar cane and sugar beet energy from biofuel sources
398,carbon footprint,&nbsp;/ˌkɑːrbən ˈfʊtprɪnt/,a measure of the amount of carbon dioxide that is produced by the daily activities of a person or company,dấu chân cacbon (tổng lượng khí thải từ các hoạt động thường ngày của mỗi cá nhân,,Flying is the biggest contribution to my carbon footprint. an analysis of the carbon footprints of leading companies Companies are measuring their carbon footprints. a carbon footprint calculator
399,consumption,/kənˈsʌmpʃn/,"the act of using energy, food or materials; the amount used","Sự tiêu thụ, sự tiêu dùng (hàng hoá, điện, than, nước... ).",,the production of fuel for domestic consumption (= to be used in the country where it is produced) Gas and oil consumption always increases in cold weather. The meat was declared unfit for human consumption.
400,fumes,&nbsp;/fjuːmz/,"smoke, gas, or something similar that smells strongly or is dangerous to breathe in",khói độc,,diesel/petrol/exhaust fumes to be overcome by smoke and fumes Clouds of toxic fumes escaped in a huge chemical factory blaze. The body of a man was found in a fume-filled car yesterday.
401,greenhouse gas,,"a gas that causes the greenhouse effect, especially carbon dioxide","khí nhà kính, đặc biệt là CO2",,
402,mining,/ˈmaɪnɪŋ/,the process of getting coal and other minerals from under the ground; the industry involved in this,"Sự khai thác, sự khai mỏ.",,coal/diamond/gold/tin mining a mining company/community/engineer Mining is prohibited in the National Park
403,natural resources,/ˌnætʃ.ɚ.əl ˈriː.sɔːr.sɪz/,"things such as minerals, forests, coal, etc. that exist in a place and can be used by people",tài nguyên thiên nhiên,,"Some natural resources, such as natural gas and fossil fuel, cannot be replaced."
404,precious metal,,a very valuable metal such as gold or silver,kim loại quý,,a craftsman in precious metals coins made of precious metal Platinum and gold are precious metals.
405,scale,/skeɪl/,"the size or level of something, especially when this is large","quy mô, phạm vi.",,"Nuclear weapons cause destruction on a massive scale (= cause a lot of destruction). Here was corruption on a grand scale. On a global scale, 77% of energy is created from fossil fuels."
406,wind farm,&nbsp;/ˈwɪnd fɑːrm/,,cánh đồng điện gió,,"It is a very good place for a wind farm because the ground is flat. The wind turbines on the wind farms in Greensburg make enough energy for 4,000 homes."
407,carbon neutral,,"If a person, organization, event, etc. is ca_____n ne___al, it does things such as planting trees to reduce carbon dioxide by the same amount as it produces it.",phát thải Carbon trung tính (giúp làm giảm lượng khí thải bằng đúng lượng khí thải mà nó thải ra,,All of these fuels are renewable and carbon neutral. a carbon-neutral house that uses no energy from external sources buildings designed to be carbon neutral
408,eco-friendly,,not harmful to the environment,thân thiện với môi trường,,eco-friendly products
409,rechargeable,/ˌriːˈtʃɑːrdʒəbl/,(of a battery) that can be filled again with electrical power,Có thể sạc lại.,,rechargeable batteries
410,recyclable,/ˌriːˈsaɪkləbl/,able to be recycled,có thể tái chế,,Glass products are completely recyclable. Paper is easily recyclable.
411,renewable,&nbsp;/rɪˈnuːəbl/,(of energy and natural resources) that is replaced naturally or controlled carefully and can therefore be used without the risk of finishing it all,"năng lượng) có thể tái tạo, có thể hồi phục lại",,renewable sources of energy such as wind and solar power
412,precious,/ˈpreʃəs/,valuable or important and not to be wasted,"Quý, quý giá, quý báu.",,Clean water is a precious commodity in that part of the world. You're wasting precious time!
413,sustainable,/səˈsteɪnəbl/,that can continue or be continued for a long time,Có thể duy trì lâu dài được / Có thể phát triển bền vững,,"sustainable economic growth That sort of extreme diet is not sustainable over a long period. Unfortunately, this level of output is not sustainable."
414,unleaded,/ˌʌnˈledɪd/,petrol/gas that does not contain lead and is therefore less harmful to the environment,"về xăng dầu, nhiên liệu) không chứa chì",,Unleaded is cheaper than diesel.
415,curb,/kɜːrb/,"to control or limit something, especially something bad","Kiềm chế, nén lại; hạn chế.",,He needs to learn to curb his temper. A range of policies have been introduced aimed at curbing inflation.
416,emit,/iˈmɪt/,"to send out something such as light, heat, sound, gas, etc.","Phát ra (ánh sáng, nhiệt...), bốc ra, tỏa ra (mùi vị, hơi...).",,The alarm emits infrared rays which are used to detect any intruder. The machine emits a high-pitched sound when you press the button.
417,exhaust,<div>/ɪɡˈzɔːst/</div>,to use all of something so that there is none left,"Làm kiệt quệ, làm rỗng, làm cạn; dốc hết, dùng hết sạch.",,Within three days they had exhausted their supply of food. How long will it be before the world's fuel supplies are exhausted?
418,harness,/ˈhɑːrnɪs/,to control and use the force or strength of something to produce power or to achieve something (vd: dùng sức nước để tạo thủy điện),khai thác sức mạnh của một cái gì đó để phục vụ cho mục đích của mình&nbsp;,,attempts to harness the sun’s rays as a source of energy We must harness the skill and creativity of our workforce. How can this energy be harnessed effectively for the good of humankind? They are attempting to harness the power of the sun.
419,asset,/ˈæset/,[ C usually plural ] something valuable belonging to a person or organization,"thường ở dạng số nhiều)&nbsp;(Số nhiều) Của cải, tài sản, vật thuộc quyền sở hữu.",,"A company's assets can consist of cash, investments, specialist knowledge, or copyright material. Her assets include shares in the company and a house in France. asset sales/management"
420,bankruptcy,/ˈbæŋkrʌptsi/,a situation in which a business or a person becomes bankrupt,"Sự vỡ nợ, sự phá sản.",,The company was forced into bankruptcy. The toll of bankruptcies was rising daily.
421,bottom line,/ˌbɑː.t̬əm ˈlaɪn/,(business) [countable] the amount of money that is a profit or a loss after everything has been calculated,con số (doanh thu/thiệt hại) sau cùng,,The bottom line for 2014 was profit of £85 million. How will the rise in interest rates affect our bottom line?
422,budget,/ˈbʌdʒɪt/,the amount of money you have available to spend,"Ngân sách, ngân quỹ.",,an advertising budget of $2 million a big-budget movie We decorated the house on a tight budget (= without much money to spend). The work was finished on time and within budget (= did not cost more money than was planned). They went over budget (= spent too much money).
423,client,/ˈklaɪənt/,a customer or someone who receives services,"Khách hàng (của luật sư, cửa hàng... ).",,Mr Black has been a client of this firm for many years. We always aim to give our clients personal attention.
424,credit rating,,"a judgement made by a bank, etc. about how likely somebody is to pay back money that they borrow, and how safe it is to lend money to them",đánh giá tín dụng (để xem có an toàn để cho vay hay không,,
425,cutback,/ˈkʌtbæk/,"a reduction in something, made in order to save money",Sự cắt giảm để tiết kiệm chi phí,,cutbacks in public spending The closure of the Manchester printing factory is the company's biggest single cutback so far.
426,earnings,/ˈɜːrnɪŋz/,the amount of money that someone is paid for working,"tiền kiếm được, tiền lương.",,a rise in average earnings compensation for loss of earnings caused by the accident
427,equity,/ˈekwəti/,(formal) a situation in which everyone is treated equally,"Tính công bằng, tính vô tư.",,a society based on equity and social justice
428,household name,,a famous person that most people know of,người nổi tiếng (mọi nhà đều biết,,She became a household name in the 1960s.
429,luxury goods,/ˌlʌk.ʃɚ.i ˈɡʊdz/,"expensive things, such as jewellery and make-up, that are pleasant to have but are not necessary",xa xỉ phẩm,,The government will pay for the new schools by increasing the tax on luxury goods.
430,bankrupt,/ˈbæŋkrʌpt/,without enough money to pay what you owe,"Vỡ nợ, phá sản.",,He went bankrupt after only a year in business. The recession has led to many small businesses going bankrupt. I'll go bankrupt if you kids keep asking me for money!
431,hands-on,,doing something rather than just talking about it,Thực hành trực tiếp,,hands-on computer training to gain hands-on experience of industry a hands-on style of management
432,managerial,&nbsp;/ˌmænəˈdʒɪriəl/,connected with the work of a manager,"Thuộc) Người quản lý, (thuộc) giám đốc; (thuộc) ban quản trị.",,Does she have any managerial experience? managerial responsibilities/decisions/skills
433,calculated risk,/ˌkæl.kjʊ.leɪ.t̬ɪd ˈrɪsk/,"a risk that you consider worth taking because the result, if it is successful, will be so good",rủi ro có thể chấp nhận được vì đáng với kết quả thu về nếu thành công,,The director took a calculated risk in giving the film's main role to an unknown actor.
434,chair a meeting,,to act as the chairman or chairwoman of a meeting,lãnh đạo một cuộc họp,,Who's chairing the meeting? Would you like to chair tomorrow's meeting?
435,golden opportunity,,a very good chance to do or achieve something,cơ hội vàng,,"When I failed to finish college, I missed my golden opportunity to prepare myself for a good job."
436,keep track of,,to have information about what is happening or where somebody/something is,theo dõi chặt chẽ một thứ gì đó hoặc ai đó,,Bank statements help you keep track of where your money is going.
437,make a name for yourself,,to become famous or respected by a lot of people,"trở nên nổi tiếng, được nhiều người biết đến và kính nể",,He's made a name for himself as a talented journalist.
438,a win-win situation,,something that is good for everyone who is involved,tình huống cả hai bên cùng có lợi,,Flexible working hours are a win-win situation for employers and employees.
439,amalgamate,/əˈmælɡəmeɪt/,"if two organizations am_________te, they join together to form one large organization","Trộn, pha trộn, trộn lẫn, hỗn hợp, hợp nhất (công ty... ).",,A number of colleges have amalgamated to form the new university. The company has now amalgamated with another local firm. They decided to amalgamate the two schools.
440,capital punishment,/ˌkæp.ɪ.t̬əl ˈpʌn.ɪʃ.mənt/,"punishment by death, as ordered by a legal system",án tử hình,,Public opinion was in favour of bringing back capital punishment.
441,community service,/kəˌmjuː.nə.t̬i ˈsɝː.vɪs/,"work helping people in the local community that somebody does without being paid, either because they want to, or because they have been ordered to by a court as a punishment",lao động công ích (như một dạng hình phạt,,"It needs some ceremony that shall fix the lessons of patriotism, of social responsibility and of community service, and stir to noble purpose. It will mean to the well-to-do wife freedom to do community service. What forms of community service can be done by children and by young people?"
442,life sentence,/ˌlaɪf ˈsen.təns/,the punishment by which somebody spends the rest of their life in prison,Án tù chung thân.,,He’s currently serving a life sentence for murder.
443,mugging,&nbsp;/ˈmʌɡɪŋ/,"the crime of attacking somebody violently, or threatening to do so, in order to steal their money, especially in a public place",tội trấn lột,,"Mugging is on the increase. There have been several muggings here recently. Murders, kidnaps and muggings are reported daily in the newspapers."
444,organized crime,/ˌɔːr.ɡən.aɪzd ˈkraɪm/,"criminal organizations that plan and commit crime, or the crimes that are committed by such organizations","phạm tội có tổ chức, có đường dây",,The murders may have been linked to organized crime.
445,peer pressure,/ˈpɪr ˌpreʃ.ɚ/,"the strong influence of a group, especially of children, on members of that group to behave as everyone else does",Áp lực từ bạn bè cùng trang lứa,,There is tremendous peer pressure to wear fashionable clothes.
446,petty crime,/ˌpet̬.i ˈkraɪm/,a type of crime that is not considered serious when compared with some other crimes,"những tội vặt vãnh (như trộm đồ siêu thị, móc túi",,petty crime such as shoplifting
447,robbery,/ˈrɑːbəri/,"the crime of stealing money or goods from a bank, shop/store, person, etc., especially using violence or threats","Sự ăn cướp, vụ ăn cướp (đặc biệt là bằng vũ lực",,"armed robbery (= using a gun, knife, etc.) There has been a spate of robberies in the area recently. He was shot as he tried to foil a bank robbery. He already had a conviction for armed robbery."
448,vandalism,/ˈvændəlɪzəm/,the crime of intentionally damaging property belonging to other people,Tội phá hoại của công (hoặc tài sản của người khác,,"Beset by violence and vandalism, this is one of the most unpleasant areas in the city. These schools are known to be vulnerable to vandalism."
449,violence,/ˈvaɪələns/,actions or words that are intended to hurt people,"sự hành hung, bạo lực",,crimes/acts/threats of violence He condemned the protesters' use of violence against the police. domestic violence (= between family members) Why do they always have to resort to violence?
450,hostile,/ˈhɑːstl/,very unfriendly or aggressive and ready to argue or fight,"thái độ thù địch, không thân thiện",,The speaker got a hostile reception from the audience. hostile to/towards somebody/something She was openly hostile towards her parents.
451,lenient,/ˈliːniənt/,not as strict as expected when punishing somebody or when making sure that rules are obeyed,"Nhân hậu, hiền hậu, khoan dung.",,a lenient sentence/fine The judge was far too lenient with him. The police are sometimes more lenient with female offenders.
452,accept the consequences of,,,"chấp nhận, đối mặt với hậu quả của một hành động gì đó",,
453,accuse,/əˈkjuːz/,ac____e somebody (of something) to say that somebody has done something wrong or is guilty of something,"Cáo buộc, buộc tội, kết tội; tố cáo.",,"""It wasn't my fault."" ""Don't worry, I'm not accusing you."" He's been accused of robbery/murder. Are you accusing me of lying? The surgeon was accused of negligence."
454,arrest,/əˈrest/,ar___t somebody for something: take somebody away to ask them about a crime that they might have committed,bị cảnh sát bắt giữ vì phạm tội gì đó,,He was arrested when customs officers found drugs in his bag. The police arrested her for drinking and driving. She was arrested for drug-related offences.
455,be held responsible for,,to be blamed for someone or something,bị bắt chịu trách nhiệm cho việc gì đó,,He held me personally responsible whenever anything went wrong in the project.
456,victim,/ˈvɪktɪm/,"to be vi___m of: to be injured, damaged or killed by something",là nạn nhân (của cái gì đó,,victims of crime The children are the innocent/helpless victims of the fighting. We appear to have been the victims of a cruel practical joke. Our local hospital has become the latest victim of the cuts in government spending.
457,convicted criminal,/kənˈvɪktɪd&nbsp;ˈkrɪmɪnl/,a person found guilty of a crime and sentenced by a court,tội phạm đã bị tuyên án,,"A convicted criminal is on the run after ramming a police car in Craigmore, north of Adelaide, this afternoon."
458,criminal activity,/ˈkrɪmɪnl&nbsp;ækˈtɪvəti/,,hành vi phạm tội,,
459,criminal offence,/ˈkrɪmɪnl əˈfens/,#ERROR!,,,"A civil offence is an offence that arises due to a dispute between individuals, usually of a business nature, while a criminal offence occurs when a crime is committed against the state. Criminal offences are prosecuted by the state, whereas civil disputes are fought between the affected partie"
460,criminal record,/ˌkrɪm.ɪ.nəl ˈrek.ɚd/,an official record of crimes that a person has committed hồ sơ phạm tội tức là họ có tiền án tiền sự,Nghĩa đen: hồ sơ phạm tội. Nếu ai đó có&nbsp;,,They fired him when they found out he had a criminal record.
461,hardened criminal,,someone who has committed many crimes many times,"người đã phạm tội nhiều lần, tái phạm nhiều lần",,
462,juvenile crime,,criminal activity by people under 18 years old,hành vi phạm tội của người vị thành niên (&lt;18,,
463,underlying causes,,,"những nguyên nhân ẩn, không dễ thấy",,Unemployment may be an underlying cause of the rising crime rate. Nạn thất nghiệp có thể là một nguyên nhân ẩn dẫn đến việc tỷ lệ tội phạm gia tăng.
464,jail,/dʒeɪl/,j___l somebody (for something) to put somebody in prison,"thường bị động) Tống giam, bắt giam.",,"He was jailed for life for murder. He was jailed for four months for drink-driving. Protestors were executed, jailed or otherwise persecuted. He was jailed for 15 years for stabbing his wife to death."
465,punish,/ˈpʌnɪʃ/,to make somebody suffer because they have broken the law or done something wrong,"Phạt, trừng phạt, trừng trị.",,Those responsible for this crime will be severely punished. My parents used to punish me by not letting me watch TV. punish somebody for something/for doing something He was punished for refusing to answer their questions.
466,bias,/ˈbaɪəs/,"a strong feeling in favour of or against one group of people, or one side in an argument, often not based on fair judgement","Khuynh hướng, sự thiên về; thành kiến, thiên vị.",,Reporters must be impartial and not show political bias. There was clear evidence of a strong bias against her. Employers must consider all candidates impartially and without bias. Some institutions still have a strong bias against women.
467,broadcaster,/ˈbrɔːdkæstər/,a person whose job is presenting or talking on television or radio programmes,Người nói chuyện trên đài phát thanh hoặc đài truyền hình,,She is a writer and broadcaster on environmental matters. He was a famous broadcaster in the 1930s.
468,episode,/ˈepɪsoʊd/,one part of a story that is broadcast on television or radio in several parts,tập phim,,The soap opera is ending after 175 episodes. Next up on Channel 4 is the first episode of a new medical drama set in Chicago. It's the penultimate episode of the series tonight.
469,make the headlines,&nbsp;/ˈhedlaɪn/,to be an important item of news in newspapers or on the radio or television,"lên trang nhất (của báo chí), trở thành tin tức được nhiều người quan tâm nhất",,The latest scandal to make the headlines is about a minister's son arrested for drug-dealing.
470,paparazzi,/ˌpɑː.pɑːˈrɑːt.si/,the photographers who follow famous people everywhere they go in order to take photographs of them for newspapers and magazines,"thợ săn ảnh cho báo chí, hay bám theo người nổi tiếng để săn ảnh",,
471,press,/pres/,newspapers and magazines,Báo chí nói chung,,the local/national/foreign press The story was reported in the press and on television. the music/sporting press (= newspapers and magazines about music/sport)
472,viewer,&nbsp;/ˈvjuːər/,a person watching television,Người xem truyền hình.,,The programme attracted millions of viewers.
473,biased,/ˈbaɪəst/,showing an unreasonable like or dislike for a person based on personal opinions,"có khuynh hướng thiên vị/thành kiến với một trong các bên, không công bằng",,biased information/sources/press reports a biased jury/witness The newspapers gave a very biased report of the meeting. I think she's beautiful but then I'm biased since she's my daughter.
474,eminent,/ˈemɪnənt/,"(of people) famous and respected, especially in a particular profession","Nổi tiếng, xuất sắc.",,an eminent architect an eminent historian
475,high-profile,/ˌhaɪˈproʊ.faɪl/,"attracting a lot of attention and interest from the public and newspapers, television, etc.:","nổi tiếng, thu hút được nhiều sự chú ý của công chúng",,high-profile politicians Some very high-profile British players have transferred to clubs abroad. The club has signed several high-profile players over the summer.
476,prejudiced,/ˈpredʒədɪst/,"having an unreasonable dislike of or preference for somebody/something, especially based on their race, religion, sex, etc.","Có thành kiến, biểu lộ thành kiến với thứ gì đó",,"The campaign is designed to make people less prejudiced about AIDS. The media has been accused of presenting a prejudiced view of people with disabilities. prejudiced (against/in favour of somebody/something) They are prejudiced against older applicants. (humorous) I think it's an excellent article, but then I'm prejudiced—I wrote it."
477,prominent,&nbsp;/ˈprɑːmɪnənt/,"very well known and important Xuất chúng, lỗi lạc, nổi tiếng (người).","Đáng chú ý, nổi bật.",,a prominent politician He played a prominent part in the campaign. She was prominent in the fashion industry.
478,subjective,/səbˈdʒektɪv/,based on your own ideas or opinions rather than facts and therefore sometimes unfair,chủ quan (ngược với 'objective' là khách quan,,"I think my husband is the most handsome man in the world, but I realize my judgment is rather subjective. More specific and less subjective criteria should be used in selecting people for promotion within the company."
479,world-famous,/ˌwɜːrld ˈfeɪməs/,known all over the world,Nổi tiếng khắp thế giới.,,a world-famous scientist His books are world-famous.
480,become famous overnight,,trở nên nổi tiếng chỉ sau một đêm,trở nên nổi tiếng nhanh chóng,,
481,chief claim to fame,,someone's main reason for being well-known or famous.,nguyên nhân (chính) khiến ai đó trở nên nổi tiếng,,Her chief claim to fame is that she can recite the entire works of Shakespeare. This little town's chief claim to fame is that the president was born here.
482,be in the public eye,,to be famous and written about in newspapers and magazines and seen on television,trở nên nổi tiếng và trở thành chủ đề bàn tán của công chúng,,
483,instant celebrities,,someone who becomes a celebrity in a very short period of time.,"chỉ người trở nên nổi tiếng trong một khoảng thời gian ngắn, nhưng rồi sau này không còn ai nhớ đến nữa",,
484,media attention,,(hay đi với từ 'attract' trong cụm 'attract media attention'),sự quan tâm của giới truyền thông&nbsp;,,
485,new-found fame,,recently discovered or achieved fame,sự nổi tiếng vừa mới đạt được,,"How is she handling her new-found fame? McClellan had trouble dealing with her new-found fame 15-year-old French fashion star Thylane Blondeau earns new-found fame on Instagram, earning 600,000 followers with her stunning images"
486,tabloid,/ˈtæblɔɪd/,"(sometimes disapproving) a newspaper of this size with short articles and a lot of pictures and stories about famous people, often thought of as less serious than other newspapers","báo lá cải, chuyên đưa tin về người nổi tiếng",,The story made the front page in all the tabloids. I despair when I read what passes for news in some of the tabloids. You shouldn’t believe everything you read in the tabloids.
487,assert,/əˈsɜːrt/,to state clearly and firmly that something is true,"Xác nhận, khẳng định, quả quyết, quyết đoán.",,"assert that… She continued to assert that she was innocent. assert something She continued to assert her innocence. + speech ‘That is wrong,’ he asserted."
488,broadcast,/ˈbrɔːdkæst/,to send out programmes on television or radio,"phát sóng, phát thanh",,The concert will be broadcast live (= at the same time as it takes place) tomorrow evening. Most of the programmes are broadcast in English. They began broadcasting in 1922.
489,contend,/kənˈtend/,"to say that something is true, especially in an argument","Dám chắc rằng, cho rằng.",,I contend that it is impossible — tôi dám chắc rằng cái đó không thể thực hiện được I would contend that the minister's thinking is flawed on this point. The lawyer contended (that) her client had never been near the scene of the crime.
490,gossip,/ˈɡɑːsɪp/,"informal talk or stories about other people’s private lives, that may be unkind or not true","Chuyện ngồi lê đôi mách, chuyện tầm phào, tin đồn nhảm.",,Don't believe all the gossip you hear. Tell me all the latest gossip! The gossip was that he had lost a fortune on the stock exchange. It was common gossip (= everyone said so) that they were having an affair
491,indicate,/ˈɪndɪkeɪt/,to show that something is true or exists,"chỉ ra, tỏ ra, ra ý, ngụ ý, biểu lộ, biểu thị.",,"Research indicates that eating habits are changing fast. Kingston-upon-Thames, as the name indicates, is situated on the banks of the Thames."
492,speculate,/ˈspekjuleɪt/,to form an opinion about something without knowing all the details or facts,"Suy đoán, đưa ra ý kiến này ý kiến nọ về, ước đoán.",,"We all speculated about the reasons for her resignation. They were all speculating as to the identity of the stranger. speculate why, how, etc… It is useless to speculate why he did it."
493,animation,/ˌænɪˈmeɪʃn/,"energy and enthusiasm in the way you look, behave or speak Tính hoạt bát, sinh khí.","Lòng hăng hái, nhiệt tình; sự cao hứng, sự hào hứng.",,His face was drained of all colour and animation. She talked about her new job with great animation. She spoke with great animation about her latest discoveries.
494,culture,/ˈkʌltʃər/,"the customs and beliefs, art, way of life and social organization of a particular country or group","văn hóa, nền văn hóa",,The children are taught to respect different cultures. the effect of technology on traditional cultures
495,drama,/ˈdrɑːmə/,plays considered as a form of literature plays and acting generally,Nghệ thuật kịch; nghệ thuật tuồng nói chung,,"classical/Elizabethan/modern, etc. drama a drama critic drama school a drama student I studied English and Drama at college."
496,echo,/ˈekoʊ/,a sound that is heard after it has been reflected off a surface such as a wall or a cliff,"Tiếng dội, tiếng vang.",,The echoes of his scream sounded in the cave for several seconds. Thick carpet would reduce the echo in this hallway.
497,engraving,/ɪnˈɡreɪvɪŋ/,"the art or process of cutting designs on wood, stone, metal, etc. (Nghĩa bóng) Sự in sâu, sự khắc sâu (vào óc... ).","Sự khắc, sự trổ, sự chạm.",,
498,fiction,/ˈfɪkʃn/,"a type of literature that describes imaginary people and events, not real ones","tác phẩm) hư cấu, tưởng tượng.",,a work of popular fiction historical/romantic fiction
499,imagination,/ɪˌmædʒɪˈneɪʃn/,the ability to create pictures in your mind; the part of your mind that does this,"Sức tưởng tượng, trí tưởng tượng; sự tưởng tượng.",,a vivid/fertile imagination He's got no imagination. It doesn't take much imagination to guess what she meant. I won't tell you his reaction—I'll leave that to your imagination.
500,inspiration,/ˌɪnspəˈreɪʃn/,someone or something that gives you ideas for doing something,"Người truyền cảm hứng, vật truyền cảm hứng.",,"The golden autumn light provided the inspiration for the painting. He went to church, perhaps seeking divine inspiration."
501,abominable,/əˈbɑːmɪnəbl/,extremely unpleasant and causing disgust,"Ghê tởm, kinh tởm.","appalling, disgusting",The judge described the attack as an abominable crime. We were served the most abominable coffee. I think you are utterly selfish and your behaviour has been abominable.
502,dismal,"/ˈdɪzməl/[sound:dismal adjective - Definition, pictures, pronunciation and usage notes _ Oxford Advanced Learner_apos;s Dictionary .mp3]",causing or showing sadness,"Buồn thảm, tối tăm, ảm đạm, buồn nản, u sầu, phiền muộn.","gloomy, miserable",dismal conditions/surroundings/weather Christmas will be dismal without the children.
503,fictional,/ˈfɪkʃənl/,not real or true; existing only in stories,"Giả tưởng, hư cấu, tưởng tượng.",,fictional characters a fictional account of life on a desert island fictional techniques the fictional world of Lawrence Durrell The names of the characters are entirely fictional.
504,figurative,/ˈfɪɡjərətɪv/,"(of words and phrases) used not with their basic meaning but with a more imaginative meaning, in order to create a special effect","về ngôn ngữ) cách nói hình tượng, dùng nghĩa bóng (ngược với 'literal' : theo đúng nghĩa đen",,"For example, ‘He exploded with rage’ shows a figurative use of the verb ‘explode’. Of course, she was using the term ""massacre"" in the figurative sense."
505,hilarious,/hɪˈleriəs/,extremely funny,cực kỳ đáng buồn cười,,a hilarious joke/story Lynn found the whole situation hilarious. Do you know Pete? He's hilarious.
506,inspirational,/ˌɪnspəˈreɪʃənl/,making you feel full of hope or encouraged,truyền cảm hứng; gây cảm hứng.,,He gave an inspirational reading of his own poems. an inspirational leader
507,petrified,/ˈpetrɪfaɪd/,extremely frightened,cực kỳ sợ (cái gì đó,terrified,a petrified expression petrified (of something) I'm petrified of snakes. They were petrified with fear (= so frightened that they were unable to move or think). petrified (that…) She was petrified that the police would burst in at any moment.
508,spine-chilling,/ˈspaɪnˌtʃɪl.ɪŋ/,"(of a book, film/movie, etc.) frightening in an exciting way",Làm nổi gai ốc; khủng khiếp (nghĩa đen: làm lạnh sống lưng,,He told them a spine-chilling ghost story.
509,talented,/ˈtæləntɪd/,having a natural ability to do something well,"có tài, tài năng",,Some of these young musicians are hugely talented. a precociously talented youngster an extraordinarily talented designer
510,tedious,/ˈtiːdiəs/,lasting or taking too long and not interesting,"Chán ngắt, tẻ, nhạt nhẽo, thiếu hấp dẫn, làm buồn tẻ.",boring,The journey soon became tedious. We had to listen to the tedious details of his operation.
511,terrified,/ˈterɪfaɪd/,very frightened,"Cảm thấy khiếp sợ, rất kinh hãi.",,terrified (of somebody/something) to be terrified of spiders terrified (of doing something) I'm terrified of losing you. terrified (that…) He was terrified (that) he would fall. terrified (at something) She was terrified at the thought of being alone. You look absolutely terrified!
512,terrifying,/ˈterɪfaɪɪŋ/,making somebody feel extremely frightened,đáng sợ,,It was a terrifying experience.
513,thrilling,&nbsp;/ˈθrɪlɪŋ/,exciting and enjoyable,"Làm rùng mình; cảm động, xúc động, hồi hộp, ly kỳ.",,"a thrilling experience/finish Don’t miss next week’s thrilling episode! Racegoers are in for a thrilling contest today. The game had a thrilling finale, with three goals scored in the last five minutes."
514,it's a matter of taste,,something that different people have different opinions about,tùy thuộc vào sở thích của mỗi người,,"Art is very much a matter of taste. Everyone liked the book but me. It’s a matter of taste, I guess. (Ai cũng thích quyển sách đó nhưng tôi thì không. Tôi đoán chắc cái này còn tùy vào sở thích của mỗi người)"
515,acquire a taste for,,"to begin to like something, especially a particular kind of food, drink, or experience",bắt đầu thích một cái gì đấy,,
516,be in bad taste,,"causing offence by being insensitive or downright rude to someone else, perhaps by not taking account of their cultural sensibilities.","gây xúc phạm bằng cách thiếu để tâm đến ai đó. Ví dụ, mời một người ăn chay nhưng lại mời miếng bánh sandwich thịt lợn thì sẽ là một hành động 'in bad taste'",,"offering a bacon sandwich to someone you know is a strict vegetarian, could be in bad taste. He told a joke about death that I thought was in bad taste considering that Steve's father had just died."
517,compose,/kəmˈpoʊz/,to write music,"soạn nhạc, sáng tác nhạc",,Mozart composed his last opera shortly before he died. music specially composed for the occasion
518,have diverse tastes,,,"có sở thích đa dạng (ví dụ, 'have a diverse music taste' là thích nhiều thể loại nhạc khác nhau",,
519,share the same taste,,,cùng thích một thứ gì đó,,"Why We Like People Who Share Our Taste In Music Unsurprisingly, people expressed that they liked a new person better when finding that they shared the same musical taste"
520,up to speed,,have all the latest information about something,,,We try to keep people entertained and up to speed with what’s going on in town.
521,get the hang of something,,[INFORMAL] learn how to do something well,,,After a few months you will start getting the hang of the language and expressing yourself quite well.
522,take something on board,,understand or accept something,,,"I listened to them, took their comments on board, and then made the decision."
523,bite off more than you can chew,,try to do a task that is too big or too difficult,,,I didn’t know if I could memorize a text of that length and started to worry that I had bitten off more than I could chew.
524,a/the fly in the ointment,,prevent a situation from being as successful or happy as it would be without them,con sâu làm rầu nồi canh,,The only fly in the ointment is Bella’s lack of concentration.
525,not have a leg to stand on,,"in a very weak position, because cannot prove a claim or statement have been made",,,You’d never win if you went to court. Our lawyers said you wouldn’t have a leg to stand on.
526,in over your head,,in a situation that is too difficult to deal with,,,"He realized that he was in over his head, and that only his family could help him."
527,out of / from the frying pan into the fire,,move from a bad situation to an even worse one,tránh vỏ dưa gặp vỏ dừa,,"I was hoping to get my career back on track after a bad time, but as it turned out, I’d gone out of the frying pan into the fire."
528,an own goal,,[BRITISH] a course of action which is intended to bring an advantage and which instead causes a problem,[bóng đá] bàn thắng phản lưới nhà,,It was a classic own goal by the fashion house. They brought their prices down to attract more customers but lost the high-end customers that they already had.
529,a stumbling block,,a problem which stops you from achieving something,,,It’s her attitude that’s the biggest stumbling block.
530,teething problems / troubles,,[BRITISH] problems in the early stages of something,,,"Some teething troubles aside, the new computer system works well."
531,a vicious circle,,"one problem has caused other problems which, in turn, have made the original problem even worse",vòng luẩn quẩn,,The economy couldn’t create jobs because consumers weren’t spending. Consumers weren’t spending because the economy wasn’t creating jobs. And this was the vicious circle we were caught in.
532,keep someone posted,,continue giving someone the latest information about a situation,,,She made me promise to keep her posted on developments here while she was in London.
533,in the loop,,Part of a group that is kept up-to-date with information about something,,,Not many people knew about the strike but the CEO was almost certainly in the loop.
534,at cross purposes,,"two people think they are talking about or trying to do the same thing as each other, but they are actually talking about or trying to do different things",ông nói gà bà nói vịt,,"They had been talking at cross purposes earlier, he realized. They hadn’t been offering him a share of the deal at all."
535,come out of your shell,,become less shy and more confident,,,She used to be very timid and shy but I think she’s come out of her shell.
536,find common ground,,find a particular subject or opinion that two people or groups agree about,,,Both leaders were keen to stress that they were seeking to find common ground.
537,from the horse’s mouth,,get information directly from someone who is involved in it and knows the most about it,,,"When he tells them, straight from the horse’s mouth, what a good assistant you are, they’ll increase your wages."
538,get your wires / lines crossed,,mistaken about what someone else means,,,She looked confused at what he said and he began to wonder if he’d got his wires crossed.
539,go off on/at a tangent,,start saying or thinking something that is not directly connected with what were said or thought before,,,Our teacher would occasionally go off on a tangent and start talking about something totally unrelated to the textbook.
540,hear something through/on the grapevine,,being told a piece of news informally by someone who was told it by someone else,,,She heard on the grapevine that he had come back to London.
541,in black and white,,something have been written proof of it,,,"We have a strict, clear rule in black and white, that this sort of behaviour will not be tolerated."
542,let the cat out of the bag,,"reveal something secret or private, often without meaning to",,,"‘They didn’t tell the cops my name, did they?’ ‘Of course not,’ she said. ‘They wouldn’t want to let the cat out of the bag.’"
543,put someone in the picture,,tell someone about a situation that they need to know about,,,"I believe that I could now produce evidence to prove my case, so let me put you in the picture."
544,spill the beans,,[INFORMAL] reveal the truth about something secret or private,,,He was scared to death I was going to spill the beans to the cops.
545,touch base with someone,,"contact someone, often when you have not spoken to them or seen them for a long time",,,A brief phone-call is often made to touch base and update the parent on any developments.
546,bend over backwards,,"try very hard to help or please someone, even though it causes you trouble",,,We bent over backwards to make them feel welcome and they didn’t thank us once.
547,be there for someone,,[SPOKEN] ready to listen to their problems and to help and support someone,,,Jimmy is a good friend – he’s always been there for me when i needed help or advice.
548,give and take,,the way in which two people or groups in a relationship accept that they cannot have everything that they want and that they must sometimes give the other person or group what they want,có đi có lại,,All good partnerships involve a bit of give and take.
549,hold someone’s hand,,help and support someone in an unfamiliar or difficult situation,,,"Tony will hold your hand through the sale, deal with offers and advise on any problems."
550,in the same boat,,in the same unpleasant or difficult situation,,,Don’t worry if you are going bald – 40 per cent of men under 35 are in the same boat.
551,keep your chin up,,stay cheerful in a difficult or unpleasant situation,,,Richards was keeping his chin up yesterday despite the continued setbacks.
552,lend someone a hand,,help someone to do something,,,"If I’d known you were having trouble, I could have lent a hand."
553,look the other way,,deliberately ignore something bad that is happening when you should be trying to deal with it or stop it,,,The government is fully aware of the problem but they just look the other way.
554,meet someone halfway,,"accept some of someone's opinions or wishes, so that you can come to an agreement with them or have a better relationship with them","thoả hiệp với ai, mỗi bên nhân nhượng một ít",,The opposition is willing to meet the president halfway on his latest plans for the economy.
555,a pat on the back,,praise someone for something they have done,,,Today is a good day to pat yourself on the back for bravery and effort.
556,put your heads together,,try to solve a problem together,,,"If there’s a problem, we all just sit down, put our heads together and figure it out."
557,sing someone’s praises,,praise someone in an enthusiastic way,,,"Smith continued to sing Tony’s praises. ‘He’s so different, he’s so natural’, he said."
558,take someone under your wing,,start to look after someone and make sure that they are well and have what they need,,,"She took the youngster under her wing, gave her advice and helped her prepare for the tour."
559,a tower / pillar of strength,,give someone a lot of help or support during a difficult period in their life,,,In her terrible sadness she has found Charles to be a pillar of strength.
560,go back to the drawing board,,something you have done has not been successful and you have to try another idea,,,His government should go back to the drawing board to rethink their programme.
561,bring the house down,,"If a person or their performance brings the house down, the audience claps and cheers loudly for a long time because they liked the performance so much",,,We had just one rehearsal and I was very nervous but the show brought the house down.
562,come up in the world,,richer or more powerful than they used to be and have a higher social status,,,"A polite and pleasant young man, he was an ordinary worker who had come up in the world."
563,fall flat on your face,,fail or make an embarrassing mistake,,,He was trying to introduce changes in the prison system but he fell flat on his face.
564,be fighting a losing battle,,"trying to achieve something, but very unlikely to succeed",,,The theatre has to compete with the movies and DVDs and it’s fighting a losing battle.
565,go belly-up,,[INFORMAL] fails and does not have enough money to pay its debts,,,Factories and farms went belly-up because of the debt crisis.
566,go pear-shaped,,"[BRITISH, INFORMAL] starts to fail or have problems",,,He is always asked to comment when the global economy goes pear-shaped.
567,hit the nail on the head,,describe a situation or problem very precisely,,,Smith hit the nail on the head when he said that the Prime Minister promised so much and yet changed so little.
568,plain sailing,,[BRITISH] easy to do or achieve,,,Once I got used to the diet it was plain sailing and I lost six kilos over a four-month period.
569,save the day,,manage to make it successful in a situation which seems likely to fail,,,"After a disastrous first night for the show, it was Biggs who stepped in to save the day."
570,touch and go,,cannot be certain whether something will happen or not,,,"I thought I was going to win the race, but it was still touch and go."
571,win hands down,,win a contest easily,,,"When he said he would beat me hands down, I didn’t know he could run that fast!"
572,with flying colours,,achieve something easily and are very successful,,,She passed the entrance exam with flying colours.
573,work like a charm,,very successful or effective,,,Our little arrangement worked like a charm.
574,carry a torch for someone,,you are in love with them but they do not love you,,,What makes a woman so special that a man will carry a torch for her all his life?
575,common-or-garden [BRITISH] or garden-variety [AMERICAN],,"something of a very ordinary kind, with no special features",,,These are designer rain boots ֊ not your common-or-garden Wellington boots.
576,have a soft spot for someone or something,,like someone or something,,,The actress has admitted having a soft spot for our future King.
577,head and shoulders above someone/something,,"If one person or thing is head and shoulders above others of their kind, they are much better than them.",,,"In the world of newspaper publishing there is one success story that stands head and shoulders above the rest. Richards, according to Imran Khan, was head and shoulders above any other player."
578,no great shakes,,[INFORMAL] not skillful or of good quality,,,She can write screenplays well enough but she’s no great shakes as a director.
579,nothing / not much to write home about,,"[INFORMAL] not very interesting, exciting or special",,,The house was nothing to write home about – a rather scruffy Victorian semi-detached like many they’d seen.
580,of your dreams,,the best you can imagine,,,"Maybe, just maybe, the man of your dreams will walk through that door and into your life tonight."
581,an old flame,,someone who you had a romantic relationship with in the past,,,Last week Alec was seen dining with his old flame Janine Turner in New York.
582,not a patch on someone/something,,the first is not nearly as good as the second,,,"He was handsome, she thought, but not a patch on Alex."
583,a saving grace,,a good quality or feature in someone or something that prevents them from being completely bad or worthless,,,It’s an excellent performance and one of the film’s few saving graces.
584,think the world of someone,,like and admire someone very much or are very fond of them,,,He thinks the world of his little grandson.
585,have to be cruel to be kind,,sometimes if you are unkind to someone it will be the best thing for them,,,‘ I have to be cruel to be kind’ said Lindsay. ‘If I don’t control his food he will gain too much weight.’
586,bend the rules,,"do something which is not allowed, either to help someone else or for your own advantage",,,I’m prepared to bend the rules – I may even have to break them.
587,the dos and don’ts,,the things you should and should not do in a situation,,,Disasters can be avoided if a few general dos and don’ts are considered.
588,draw the line,,If someone knows whether to draw the line they know at what point an activity or situation stops being reasonable and starts to be unacceptable.,,,It is difficult for charities to know where to draw the line between acceptable and unacceptable sources of finance.
589,draw the line,,If you draw the line at a particular activity you would not do it because you disapprove of it or because it is so extreme.,,,I’ll do almost anything – although I think I’d draw the line at running naked across the stage!
590,a fine line between something,,"there is a point at which two different activities or situations are very similar, often when one activity or situation is acceptable and the other is not",,,There is a fine line between being nicely looked after and never being left alone.
591,have your hands full,,very busy,,,She’s doing fine. She’s got her hands full with the kids of course.
592,off limits,,not allowed to do/have it or go there,,,"Of course, smoking was off limits everywhere."
593,out of bounds,,not allowed to go there,,,The area has been out of bounds to foreigners for more than a month.
594,over the top,,too extreme,,,Maybe he went a bit over the top with some of his language.
595,overstep the mark,,offend people by doing something that is considered to be rude or unacceptable,,,"They agreed that by criticizing his manager so publicly, Taylor had overstepped the mark."
596,step / tread on someone’s toes,,offend someone by interfering in something that is their responsibility,,,Small shopkeepers know who sells what so they don’t step on one another’s toes.
597,with no strings attached / without strings,,accepting the offer does not require you to do a particular thing or give something in return,,,I think this is an extremely generous offer. There are no strings attached and I will recommend that everyone accepts.
598,your hands are tied,,preventing you from acting in the way that you want to,,,He would like to help but his hands are tied by the regulations.
599,break your back,,work extremely hard to try to do something,,,These days you have to break your back to make a business work.
600,burn the candle at both ends,,"try to do too much, regularly going to bed late and getting up early in the morning",,,"Frank seemed to delight in burning the candle at both ends. No matter how late he stayed out, he was up at five o’clock the next morning to study."
601,cut corners,,"save time, money, or effort by not following the correct procedure or rules for doing something",,,He accused his manager of trying to save money by cutting corners on staff training.
602,not do things by halves,,always do things very well and thoroughly or in an extreme way,,,"Kim and Christopher Dunn are not a couple to do things by halves. When it came to furnishing their new home, they decided to completely redecorate the whole house."
603,do your level best,,try as hard as you can to do something,,,The President told American troops that he would do his level best to bring them home soon.
604,go all out,,try as hard as possible to achieve something,,,"If I had the choice over again, I would go all out for a degree in the sciences and specialize in teaching."
605,go the extra mile,,make a special effort to do or achieve something,,,I discovered that going the extra mile has always been a feature of successful people.
606,land / fall on your feet,,in a good situation by luck,,,"Everything I want, she’s got: a good marriage, a good home, nice children. While I struggle through life, she always lands on her feet."
607,not lift / raise a finger,,do not do anything,,,This Chancellor refuses to lift a finger to help working men and women.
608,make a meal (out) of something,,[mainly BRITISH] spend too much time or energy on something,,,He’s only been asked to write a brief essay but he’s making such a meal of it.
609,pull your socks up,,[BRITISH] improve your behaviour or work,,,If he wants to continue in the job he’ll have to pull his socks up.
610,pull your weight,,work as hard as everyone else who is involved in the same task or activity,,,I felt that John wasn’t pulling his weight around the house and asked him to do a bit more of the cleaning.
611,work your fingers to the bone,,work extremely hard,,,"I have washed, cooked, fetched and carried all my life. I work my fingers to the bone in this house."
612,work your socks off,,[INFORMAL] work extremely hard,,,They worked their socks off to make the business succeed.
613,agree to differ / disagree,,two people decide to stop arguing because neither of them is going to change their opinion,,,I find some of his views very odd and we’ve agreed to differ on some things.
614,at each other’s (one another’s) throats,,arguing in a very angry way,,,"The politicians are at one another’s throats all the time, and are not functioning as a very effective government."
615,a battle of wills,,the person with the strongest beliefs or personality will win in that argument or conflict,,,"It was a battle of wills, and Grace’s was the stronger."
616,a bone of contention,,an issue that people are arguing about,,,"Pay, of course, is not the only bone of contention."
617,clear the air,,something such as an argument or a discussion makes bad feelings between people go away,xua tan không khí nặng nề do hiểu lầm hay nghi kỵ,,"I get angry with Hannah, but I’m a great believer in expressing my feelings to clear the air."
618,cross swords,,disagree and argue with someone or oppose them,,,He repeatedly crossed swords with the Prime Minister in the early 1970s.
619,fight like cat and dog,,two people frequently have violent arguments or fights with each other,,,My brother and I are very close in age and we used to fight like cat and dog.
620,give someone a piece of your mind,,[INFORMAL] speak angrily to them because they have done something to annoy you,,,You can’t let people get away with behaviour like that. You should have given her a piece of your mind!
621,have a bone to pick with someone,,"[INFORMAL] you are annoyed with someone about something, and you want to talk to them about it",,,‘I have a bone to pick with you’. She wanted to bring up a matter that she had been afraid to discuss before.
622,have a go at someone,,"[mainly BRITISH, INFORMAL] criticize someone strongly, often without good reason",,,I was angry because I figured she was just having a go at me for the sake of it.
623,in someone’s bad books,,"[BRITISH, INFORMAL] done something that has annoyed someone",,,"Thomas knew that having burnt the cakes, he would be in Mrs Simpson’s bad books."
624,jump down someone’s throat,,[INFORMAL] someone react in a very angry way to something you have said or done,,,"If I even asked her about her day, she’d jump down my throat, as If I were interrogating her."
625,kiss and make up,,become friends again after an argument or fight,,,"I sent her a big bottle of champagne with a note saying, ‘Sorry, hope we can kiss and make up’."
626,not see eye to eye,,do not agree with someone about something,,,The Prime Minister didn’t see eye to eye with him on this issue.
627,a shouting match,,"an angry and uncontrolled argument or discussion about something, usually involving shouting",,,For a moment I thought the meeting was going to become a shouting match.
628,cost an arm and a leg,,cost a lot of money,,,It costs us an arm and a leg to get here. But It has been worth every penny and more.
629,"down the drain (plughole, toilet)",,be lost or wasted,,,"You have ruined everything – my perfect plans, my great organization. All those years of work are down the drain."
630,feel the pinch,,"do not have as much money as used to have, and so cannot buy the things they would like to buy",,,Poor households were still feeling the pinch and new taxes on fuel made matters even worse.
631,have deep pockets,,have a lot of money,,,The company will do anything to avoid scandal – and everyone knows it has deep pockets.
632,in the red,,owe money to someone or to another organization,,,"If you do go into the red, you get charged 30 pence for each transaction while you are overdrawn."
633,make ends meet,,"find it difficult to pay for the things you need in life, because you have very little money",,,Many people are struggling to make ends meet because wages are failing to keep pace with rising prices.
634,on a shoestring,,do it using very little money,,,Both films were made on a shoestring budget.
635,out of pocket,,have less money than you should have,,,"The promoter claims he was left £36,000 out of pocket after the concert."
636,be rolling in it (money),,[INFORMAL] very rich,,,Don’t worry about the cost – soon you’ll be rolling in it.
637,a small fortune,,a very large amount of money,,,"For almost two years, Hawkins made a small fortune running a corner shop."
638,there’s no such thing as a free lunch,,cannot expect to get things for nothing,,,There is no free lunch. You won’t get anything you don’t sweat and struggle for.
639,tighten your belt,,make an effort to spend less money,thắt lưng buộc bụng,,"Clearly, if you are spending more than your income, you’ll need to tighten your belt."
640,castles in the air,,not realistic and have no chance of succeeding,,,The population began to understand that the president’s election promises had been castles in the air.
641,not count your chickens before they’re hatched,,not making plans for the future because you do not know for certain how a particular situation will develop,,,"When dealing with important financial arrangements, never count your chickens before they’re hatched."
642,feel something in your bones,,"feel very strongly that you are right about something, although you cannot explain why",,,"Joe, I have a hunch you’re going to lose tonight. I just feel it in my bones."
643,not have a prayer,,it is impossible for someone to achieve something,,,"The team was on such good form, their opponents didn’t have a prayer."
644,it’s early days / it’s early in the day,,[BRITISH] too soon to be sure about what will happen about a situation in the future,,,"We haven’t made a lot of progress, but it’s early days yet."
645,a long shot,,there is little chance that the solution will succeed but you think it worth trying,,,You could try to find her. It’s a long shot but you could start with her old school.
646,on the cards,,[BRITISH] very likely to happen,,,A major change in the way hospitals and schools are funded is on the cards.
647,on the off-chance,,[mainly BRITISH] there is a small chance that a good thing will happen even though you do not really expect it to,khả năng vạn nhất xảy ra,,She had turned up on the off-chance of catching a glimpse of the princess.
648,out of the blue,,happens unexpectedly,,,"Then, out of the blue a solicitor’s letter arrived."
649,par for the course,,something is not good but it is what you expect,"những điều tất yếu, thông thuờng và có thể chấp nhận được trong một hoàn cảnh cụ thể",,"There are leaves and branches all over the streets, and the power is out. But that’s all par for the course in a hurricane."
650,not a snowball’s chance in hell,,"[BRITISH, SPOKEN] there is no chance at all that someone will do something or something will happen",,,Do you seriously think he has a snowball’s chance in hell of winning this election?
651,(down) in the dumps,,feel depressed,,,Try to support each other when one of you is feeling down in the dumps.
652,full of beans,,very happy and energetic,,,"Jem was among them, full of beans after his long sleep."
653,get a kick out of something,,[INFORMAL] enjoy something very much,,,"These doctors take on huge workloads and get a kick out of being busy, helping people, curing patients and saving lives."
654,get on top of you,,"something makes you feel sad or upset, and you are not able to deal with it",,,I was so fed up. Everything was just getting on top of me.
655,have a whale of a time,,[INFORMAL] enjoy oneself a lot,,,Kids of all ages will have a whale of a time at the amusement park.
656,a long face,,look very serious or unhappy,,,He came to me with a very long face and admitted there had been an error.
657,not a happy bunny,,"[BRITISH, INFORMAL] annoyed or unhappy about something",,,I’m receiving around 100 junk emails a day. I’m not a happy bunny.
658,on top of the world,,extremely happy,,,"The combination of cold, crisp snow and warm sunshine makes you feel on top of the world."
659,over the moon,,"[mainly BRITISH, INFORMAL] very happy",,,"‘Caroline must be pleased about her new job?’ ‘Yes, she’s over the moon.’"
660,by the skin of your teeth,,just manage to do something but very nearly fail,,,"In the men’s First Division, the champions survived by the skin of their teeth."
661,a close shave,,very nearly have a bad accident or very nearly suffer a defeat,,,McGregor had a close shave when a seven foot polar bear ran at him.
662,the coast is clear,,be able to do something because nobody is there to see you doing it,,,"‘You can come out now,’ he called. ‘The coast is clear. She’s gone!’"
663,a good / safe bet,,a sensible or useful thing to do or use,,,"If you want something smart to wear to a friend’s wedding, a dark suit is a good bet."
664,in safe hands,,being looked after by someone who will make sure they are not harmed or damaged,,,"They could get on with their own lives, knowing their girls were in safe hands."
665,play it safe,,do not take any risks,,,"If you want to play safe, cut down on the amount of salt you eat."
666,be playing with fire,,doing something that has big risks and is likely to cause problems,,,"In this economic climate, union leaders who are thinking about strikes are playing with fire."
667,put all your eggs in one basket,,put all your efforts or resources into one course of action and will not be able to do anything else if this fails,,,"You could argue this is a risky strategy, putting all your eggs in one basket; if the firm goes bust you lose your job and your savings and everything."
668,be skating on thin ice,,doing something which could have unpleasant consequences for them,,,He told me I was skating on thin ice and should change my attitude.
669,stick your neck out,,"say something which other people are afraid to say, even though this may cause trouble for you",đánh liều để đòi một cái gì,,"At the risk of sticking my neck out, I doubt whether the attempt will be successful."
670,take your life in (into) your hands,,take a lot of risks when you do something,,,You take your life into your hands just crossing the road in this city.
671,to be on the safe side,,"do something to protect yourself from harm or trouble, although it is unlikely to be necessary",,,I didn’t think it was serious but I took her to the doctor’s just to be on the safe side.
672,snap (bite) someone’s head off,,"[INFORMAL] speak to you in an unpleasant, angry way, because they are annoyed about something",,,Don’t bite my head off just because you’re fed up!
673,blow a fuse,,suddenly lose your temper and cannot control your anger,,,He’s going to blow a fuse when he finds out about Miller.
674,a dirty (filthy) look,,look at you in a way that shows that they are very angry about something,,,Tony was being really annoying. Michael gave him a dirty look and walked out of the kitchen.
675,drive someone up the wall,,[INFORMAL] annoy someone very much,,,He’s so uncooperative he’s beginning to drive me up the wall.
676,a face like thunder,,[BRITISH] look extremely angry,,,The kitchen had flooded and Mick was raging around the house with a face like thunder.
677,fly off the handle,,[INFORMAL] suddenly become very angry,,,"When I finally managed to speak to him, he flew off the handle and shouted down the phone."
678,give someone hell,,make your life very unpleasant by behaving badly towards you,,,Their younger son gives them hell.
679,go through (hit) the roof,,"[INFORMAL] suddenly become very angry, and usually show their anger by shouting at someone",,,When I told my mother she went through the roof.
680,have a chip on your shoulder,,"[SPOKEN] feel angry and resentful because they think that they have been treated unfairly, especially because of their background",,,She thinks he has a chip on his shoulder because he didn’t go to university.
681,have (throw) a fit,,become very angry and upset,,,She threw a fit when she found me in the dressing room.
682,lose it,,[INFORMAL] become extremely angry or upset,,,I completely lost it. I was shouting and swearing.
683,make your blood boil,,makes you very angry,,,It makes my blood boil. He doesn’t like talking to the players but he wants his opinions known.
684,a pain in the neck,,[INFORMAL] very annoying,,,He was a pain in the neck. I was glad when he left my department.
685,a sore point (spot),,"makes someone feel angry, embarrassed, or upset",,,Slow job growth is a sore spot for the President.
686,be barking up the wrong tree,,following the wrong course of action because their beliefs about something are not correct,,,Scientists in Switzerland realized that most other researchers had been barking up the wrong tree.
687,be flogging a dead horse,,[BRITISH] wasting time trying to achieve something that cannot be done,,,"After all our hard work, we don’t seem to be making any progress. It feels like we’re flogging a dead horse – it’s all very discouraging."
688,gain ground,,make progress and become more important or more powerful,đạt được tiến bộ hay thắng lợi,,His ideas on nutrition have been gaining ground in recent years.
689,get (come) to grips with something,,"start to deal with something effectively, usually by making an effort to understand it",,,The present government has completely failed to get to grips with our economic problems.
690,go around in circles,,achieve little because they repeatedly deal with the same point or problem,,,"My mind was going around in circles, worrying, but I knew that no news was good news."
691,in the doldrums,,not successful and are not making any progress,"buồn nản, chán nản",,"The restaurant business, like many other businesses, is in the doldrums."
692,in the pipeline,,being planned or developed,,,Another development in the pipeline is closed-circuit TV cameras in most stores.
693,make headway,,make progress with something that you are trying to achieve,,,A spokesman said the two sides have made headway on some issues.
694,on a roll,,making great progress and having a lot of success,,,"I’d done my first deal and I was on a roll, I couldn’t see anything going wrong."
695,on the right track,,acting or developing in a way that is likely to be successful,,,We are finding that guests for lunch and dinner are returning in increasing numbers – a sure sign that we are on the right track.
696,put something on hold,,decide not to do something or deal with it until a later time,,,We’ll have to put the project on hold until we get some more money.
697,have an axe to grind,,"have particular attitudes about something, often because they think they have been treated badly or because they want to get an advantage",luôn muốn bày tỏ quan điểm về một vấn đề nào đó,,"It would be best if an independent agency, that doesn’t have an axe to grind, could deal with this case."
698,jump on the bandwagon,,suddenly become involved in an activity because it is likely to succeed or it is fashionable,theo ai với hy vọng hưởng lợi chung với người ấy,,"There will always be people ready to jump on the bandwagon and start classes in whatever is fashionable, with little or no training."
699,keep a low profile,,avoid doing things that will make people notice them,,,The president continues to keep a low profile on vacation in Maine.
700,a labour of love,,a task that you do because you enjoy it or feel strongly that it is worth doing,,,"They restored the Victorian greenhouse, an expensive labour of love."
701,mean business,,serious and determined about what you are doing,,,One of them pointed a shotgun at me. I could see he meant business.
702,a nosey parker,,"[BRITISH, INFORMAL] someone who wants to know too much about other people",,,"The village’s nosey parker, Olive, likes to spy on her neighbours with binoculars."
703,steer clear of something,,deliberately avoid them,,,I’d advise anyone with sensitive or dry skin to steer clear of soap.
704,try your hand at something,,try doing something in order to see whether you are good at it,,,"After he left school, he tried his hand at a variety of jobs – bricklayer, baker, post man."
705,up to your ears,,very busy with work or an unpleasant situation or are deeply involved in it,,,I can’t come out this evening – I’m up to my ears in reports.
706,whet someone’s appetite,,makes someone want something,,,Winning the World Championship should have whetted his appetite for more success.
707,your heart isn’t in something,,not enthusiastic about something,,,"She was a successful teacher, popular with her pupils and her colleagues, but her heart wasn’t in it."
708,above board,,honest and legal,,,Anyone who wants to inspect our books can see for themselves that we are totally above board.
709,not beat around the bush,,say what you want to say clearly and directly,,,Let’s not beat about the bush. I think these letters are worth a lot to you.
710,below the belt,,say something cruel and unfair,,,He made a joke about her divorce which I thought was a bit below the belt.
711,by fair means or foul,,"use any possible method to achieve it, not caring if their behaviour is dishonest or unfair",,,"They will do everything they can to win, by fair means or foul."
712,call a spade a spade,,speak honestly and directly about a subject even if it offends people,,,"In the meantime, Whyte is an outspoken voice who is willing to call a spade a spade."
713,come clean,,tell the truth about something,,,I had expected her to come clean and confess that she only wrote these books for the money.
714,fair and square,,do something without cheating or lying,,,My father bought them fair and square fifty years ago. We’ve still got the receipts.
715,keep your nose clean,,[INFORMAL] behave well and avoid trouble,,,He’d worked hard and kept his nose clean for all those years.
716,lay (put) your cards on the table,,"tell someone the truth about your feelings, opinions, or plans",,,I’m going to put my cards on the table and make you an offer.
717,a level playing field,,a situation that is fair and where no one has an advantage over other people,,,Trade with these nations must be conducted on a level playing field.
718,move the goalposts,,"change the rules or aims in a situation or activity, in order to gain an advantage and to make things more difficult for the other people involved",,,They seem to move the goalposts every time I meet the required conditions.
719,on the level,,honest or true,,,"Wait a minute, something’s odd here – is this guy on the level? Can we trust him?"
720,call it quits,,decide to stop doing something or stop being involved in something,,,The nightclub stays open until the last customer is ready to call it quits.
721,cut your losses,,"decide to stop spending time, energy, or money on an activity or situation on which you have already spent a lot without having any success",,,"Competition in the market was very strong, so we decided to cut our losses and close the business."
722,grind to a halt,,gradually becomes slower or less active until it stops,,,The peace process has ground to a halt.
723,hit the ground running,,"start a new activity with great energy and enthusiasm, working effectively from the beginning",,,She’s having a holiday just now and will no doubt hit the ground running with all sorts of new ideas when she gets back.
724,in business,,[SPOKEN] start doing something because you have got everything ready for it,,,"The new software is installed and working, right? Okay, we’re in business."
725,knock a story or idea on the head,,"[INFORMAL, BRITISH] show that something is not true or correct",,,It’s time to knock the idea that we are not living a full life unless we are married on the head.
726,knock an activity on the head,,"[INFORMAL] stop doing it, or decide not to do it",,,"We’ll never be a famous band. When we stop enjoying ourselves, we’ll knock it on the head."
727,nip something in the bud,,stop a bad situation or bad behaviour at an early stage,ngăn chặn từ trong trứng nước,,It is important to recognize jealousy as soon as possible and to nip it in the bud before it becomes a serious problem.
728,set (start) the ball rolling,,start an activity or you do something which other people will join in with later,,,I’ve already started the ball rolling. I’ve set up meetings with all sorts of people.
729,turn over a new leaf,,starte to behave in a better way than before,,,"While Eddie has turned over a new leaf, his brother is still racing around in fast cars and causing trouble."
730,up and running,,"a system, business, or plan has started and is functioning successfully",,,"The project, once it is up and running, will be very dangerous."
731,blow the whistle on someone/something,,tell the authorities about them because you feel strongly that what they are doing is wrong,,,Members of coastal communities are being asked to blow the whistle on activities that damage the marine environment.
732,cover your tracks,,hide or destroy evidence of what they have done or where they have been,,,"He was a very clever man who never took a chance, a man who always covered his tracks."
733,be economical with the truth,,deceive people by not telling them the whole truth about something,,,"When they insisted that no changes had been made to the original plan, his team was being economical with the truth."
734,give the game away,,reveal something which someone had been trying to keep secret,,,Eric had intended to make his announcement in an article in The Times but the paper gave the game away by advertising the article a week before publishing.
735,go through the motions,,"do something that you have to do or are expected to do, but without any real effort or enthusiasm",,,"Alex didn’t really care about his job anymore, he was just going through the motions."
736,a hidden agenda,,ecretly trying to achieve something while they appear to be doing something else,,,The unions fear these tactics are part of a hidden agenda to reduce pay and conditions throughout the company.
737,keep something under your hat,,[INFORMAL] do not tell anyone else about something,,,"Very few people know, so keep it under your hat."
738,lead someone up the garden path,,deceive someone by making them believe something which is not true,,,He led me up the garden path. He said their relationship was over but now I know that it wasn’t.
739,lie through your teeth,,tell obvious lies and do not seem to be embarrassed about this,,,We ought to be angry that public officials lie through their teeth.
740,on the fiddle,,"[BRITISH] getting money dishonestly, for example by cheating with the accounts at work",,,A postman earning only £136 a week drove around in a Porsche for six months before his bosses realized he was on the fiddle.
741,pull someone’s leg,,"tease them about something, for example by telling them something which is not true",,,Tracey hasn’t really got a new job in New York. She was just pulling your leg.
742,sweep something under the carpet,,[BRITISH] try to hide something and forget about it,,,The problem has been brushed under the carpet for decades.
